<?xml version="1.0"?>
<BundleManifest id="73dc61a2-8f19-43a6-9853-a63a6a9887cf">
  <bundleProperties>
    <name>AlexFMS-Mobile</name>
    <description><![CDATA[]]></description>
    <address><![CDATA[]]></address>
    <company />
    <copyright><![CDATA[]]></copyright>
    <majorVersion>0</majorVersion>
    <minorVersion>0</minorVersion>
    <revision>0</revision>
    <build>2</build>
    <autoIncrement>false</autoIncrement>
    <installDate>0001-01-01T00:00:00</installDate>
    <installPassword />
    <formatVersion>8.0.0.8479</formatVersion>
  </bundleProperties>
  <bundleItemHierarchy>
    <bundleItem modelId="af988c91-97c8-4527-b072-e021c9e2cb1a" itemTypeName="Sage.Platform.BundleModel.BundleManifestItem, Sage.Platform.BundleModel">
      <BundleManifestItem xmlns:xsi="http://www.w3.org/2001/XMLSchema-instance" xmlns:xsd="http://www.w3.org/2001/XMLSchema">
        <ItemId>73dc61a2-8f19-43a6-9853-a63a6a9887cf</ItemId>
        <Url>\</Url>
        <BundleItemType>Container</BundleItemType>
        <Caption>AlexFMS-Mobile</Caption>
      </BundleManifestItem>
      <children>
        <bundleItem modelId="73d4e7d0-a7fa-40ae-8b45-1ad7ed954154" itemTypeName="Sage.Platform.WebPortal.Design.BundleSupport.ManagerBundleItem, Sage.Platform.WebPortal.Design">
          <ManagerBundleItem xmlns:xsi="http://www.w3.org/2001/XMLSchema-instance" xmlns:xsd="http://www.w3.org/2001/XMLSchema">
            <ItemId>\Portal</ItemId>
            <Url>\Portal</Url>
            <BundleItemType>Container</BundleItemType>
            <Caption>Portals</Caption>
          </ManagerBundleItem>
          <children>
            <bundleItem modelId="73d4e7d0-a7fa-40ae-8b45-1ad7ed954154" itemTypeName="Sage.Platform.WebPortal.Design.BundleSupport.ModelItemBundleItem, Sage.Platform.WebPortal.Design">
              <ModelItemBundleItem xmlns:xsi="http://www.w3.org/2001/XMLSchema-instance" xmlns:xsd="http://www.w3.org/2001/XMLSchema">
                <ItemId>8b4b9ec4-73da-4394-882c-714219f73ba6</ItemId>
                <Url>\Portal\SlxMobile\SlxMobile.mobapp.ptl.xml</Url>
                <BundleItemType>Context</BundleItemType>
                <Caption>SlxMobile</Caption>
              </ModelItemBundleItem>
              <children>
                <bundleItem modelId="73d4e7d0-a7fa-40ae-8b45-1ad7ed954154" itemTypeName="Sage.Platform.WebPortal.Design.BundleSupport.LinkedFolderBundleItem, Sage.Platform.WebPortal.Design">
                  <LinkedFolderBundleItem xmlns:xsi="http://www.w3.org/2001/XMLSchema-instance" xmlns:xsd="http://www.w3.org/2001/XMLSchema">
                    <ItemId>\Portal\SlxMobile\SlxMobile.mobapp.ptl.xml\SourceFiles</ItemId>
                    <Url>\Portal\SlxMobile\SlxMobile.mobapp.ptl.xml\SourceFiles</Url>
                    <BundleItemType>Context</BundleItemType>
                    <Caption>SourceFiles</Caption>
                    <InstallOptions>SkipItemAndChildren</InstallOptions>
                  </LinkedFolderBundleItem>
                  <children>
                    <bundleItem modelId="73d4e7d0-a7fa-40ae-8b45-1ad7ed954154" itemTypeName="Sage.Platform.WebPortal.Design.BundleSupport.LinkedFolderBundleItem, Sage.Platform.WebPortal.Design">
                      <LinkedFolderBundleItem xmlns:xsi="http://www.w3.org/2001/XMLSchema-instance" xmlns:xsd="http://www.w3.org/2001/XMLSchema">
                        <ItemId>\Portal\SlxMobile\SlxMobile.mobapp.ptl.xml\SourceFiles\Products</ItemId>
                        <Url>\Portal\SlxMobile\SlxMobile.mobapp.ptl.xml\SourceFiles\Products</Url>
                        <BundleItemType>Context</BundleItemType>
                        <Caption>Products</Caption>
                        <InstallOptions>SkipItemAndChildren</InstallOptions>
                      </LinkedFolderBundleItem>
                      <children>
                        <bundleItem modelId="73d4e7d0-a7fa-40ae-8b45-1ad7ed954154" itemTypeName="Sage.Platform.WebPortal.Design.BundleSupport.LinkedFolderBundleItem, Sage.Platform.WebPortal.Design">
                          <LinkedFolderBundleItem xmlns:xsi="http://www.w3.org/2001/XMLSchema-instance" xmlns:xsd="http://www.w3.org/2001/XMLSchema">
                            <ItemId>\Portal\SlxMobile\SlxMobile.mobapp.ptl.xml\SourceFiles\Products\argos-AlexFMS</ItemId>
                            <Url>\Portal\SlxMobile\SlxMobile.mobapp.ptl.xml\SourceFiles\Products\argos-AlexFMS</Url>
                            <BundleItemType>Container</BundleItemType>
                            <Caption>argos-AlexFMS</Caption>
                            <InstallOptions>SkipItemAndChildren</InstallOptions>
                          </LinkedFolderBundleItem>
                          <children>
                            <bundleItem modelId="73d4e7d0-a7fa-40ae-8b45-1ad7ed954154" itemTypeName="Sage.Platform.WebPortal.Design.BundleSupport.LinkedFolderBundleItem, Sage.Platform.WebPortal.Design">
                              <LinkedFolderBundleItem xmlns:xsi="http://www.w3.org/2001/XMLSchema-instance" xmlns:xsd="http://www.w3.org/2001/XMLSchema">
                                <ItemId>\Portal\SlxMobile\SlxMobile.mobapp.ptl.xml\SourceFiles\Products\argos-AlexFMS\build</ItemId>
                                <Url>\Portal\SlxMobile\SlxMobile.mobapp.ptl.xml\SourceFiles\Products\argos-AlexFMS\build</Url>
                                <BundleItemType>Container</BundleItemType>
                                <Caption>build</Caption>
                                <InstallOptions>SkipItemAndChildren</InstallOptions>
                              </LinkedFolderBundleItem>
                              <children>
                                <bundleItem modelId="73d4e7d0-a7fa-40ae-8b45-1ad7ed954154" itemTypeName="Sage.Platform.WebPortal.Design.BundleSupport.LinkedFileBundleItem, Sage.Platform.WebPortal.Design">
                                  <LinkedFileBundleItem xmlns:xsi="http://www.w3.org/2001/XMLSchema-instance" xmlns:xsd="http://www.w3.org/2001/XMLSchema">
                                    <ItemId>\Portal\SlxMobile\SourceFiles\Products\argos-AlexFMS\build\release.cmd</ItemId>
                                    <Url>\Portal\SlxMobile\SourceFiles\Products\argos-AlexFMS\build\release.cmd</Url>
                                    <BundleItemType>Other</BundleItemType>
                                    <Caption>release.cmd</Caption>
                                    <InstallOptions>SkipItemAndChildren</InstallOptions>
                                    <IsLinkedFile>false</IsLinkedFile>
                                    <SourcePath>c:\Projects\AlexFMS\Model\Portal\SlxMobile\SourceFiles\Products\argos-AlexFMS\build\release.cmd</SourcePath>
                                    <ParentModelItemUrl>\Portal\SlxMobile\SlxMobile.mobapp.ptl.xml</ParentModelItemUrl>
                                    <ProjectPath>SourceFiles\Products\argos-AlexFMS\build\release.cmd</ProjectPath>
                                  </LinkedFileBundleItem>
                                </bundleItem>
                                <bundleItem modelId="73d4e7d0-a7fa-40ae-8b45-1ad7ed954154" itemTypeName="Sage.Platform.WebPortal.Design.BundleSupport.LinkedFileBundleItem, Sage.Platform.WebPortal.Design">
                                  <LinkedFileBundleItem xmlns:xsi="http://www.w3.org/2001/XMLSchema-instance" xmlns:xsd="http://www.w3.org/2001/XMLSchema">
                                    <ItemId>\Portal\SlxMobile\SourceFiles\Products\argos-AlexFMS\build\release.jsb2</ItemId>
                                    <Url>\Portal\SlxMobile\SourceFiles\Products\argos-AlexFMS\build\release.jsb2</Url>
                                    <BundleItemType>Other</BundleItemType>
                                    <Caption>release.jsb2</Caption>
                                    <InstallOptions>SkipItemAndChildren</InstallOptions>
                                    <IsLinkedFile>false</IsLinkedFile>
                                    <SourcePath>c:\Projects\AlexFMS\Model\Portal\SlxMobile\SourceFiles\Products\argos-AlexFMS\build\release.jsb2</SourcePath>
                                    <ParentModelItemUrl>\Portal\SlxMobile\SlxMobile.mobapp.ptl.xml</ParentModelItemUrl>
                                    <ProjectPath>SourceFiles\Products\argos-AlexFMS\build\release.jsb2</ProjectPath>
                                  </LinkedFileBundleItem>
                                </bundleItem>
                                <bundleItem modelId="73d4e7d0-a7fa-40ae-8b45-1ad7ed954154" itemTypeName="Sage.Platform.WebPortal.Design.BundleSupport.LinkedFileBundleItem, Sage.Platform.WebPortal.Design">
                                  <LinkedFileBundleItem xmlns:xsi="http://www.w3.org/2001/XMLSchema-instance" xmlns:xsd="http://www.w3.org/2001/XMLSchema">
                                    <ItemId>\Portal\SlxMobile\SourceFiles\Products\argos-AlexFMS\build\release.sh</ItemId>
                                    <Url>\Portal\SlxMobile\SourceFiles\Products\argos-AlexFMS\build\release.sh</Url>
                                    <BundleItemType>Other</BundleItemType>
                                    <Caption>release.sh</Caption>
                                    <InstallOptions>SkipItemAndChildren</InstallOptions>
                                    <IsLinkedFile>false</IsLinkedFile>
                                    <SourcePath>c:\Projects\AlexFMS\Model\Portal\SlxMobile\SourceFiles\Products\argos-AlexFMS\build\release.sh</SourcePath>
                                    <ParentModelItemUrl>\Portal\SlxMobile\SlxMobile.mobapp.ptl.xml</ParentModelItemUrl>
                                    <ProjectPath>SourceFiles\Products\argos-AlexFMS\build\release.sh</ProjectPath>
                                  </LinkedFileBundleItem>
                                </bundleItem>
                                <bundleItem modelId="73d4e7d0-a7fa-40ae-8b45-1ad7ed954154" itemTypeName="Sage.Platform.WebPortal.Design.BundleSupport.LinkedFileBundleItem, Sage.Platform.WebPortal.Design">
                                  <LinkedFileBundleItem xmlns:xsi="http://www.w3.org/2001/XMLSchema-instance" xmlns:xsd="http://www.w3.org/2001/XMLSchema">
                                    <ItemId>\Portal\SlxMobile\SourceFiles\Products\argos-AlexFMS\build\release-template.jsb2</ItemId>
                                    <Url>\Portal\SlxMobile\SourceFiles\Products\argos-AlexFMS\build\release-template.jsb2</Url>
                                    <BundleItemType>Other</BundleItemType>
                                    <Caption>release-template.jsb2</Caption>
                                    <InstallOptions>SkipItemAndChildren</InstallOptions>
                                    <IsLinkedFile>false</IsLinkedFile>
                                    <SourcePath>c:\Projects\AlexFMS\Model\Portal\SlxMobile\SourceFiles\Products\argos-AlexFMS\build\release-template.jsb2</SourcePath>
                                    <ParentModelItemUrl>\Portal\SlxMobile\SlxMobile.mobapp.ptl.xml</ParentModelItemUrl>
                                    <ProjectPath>SourceFiles\Products\argos-AlexFMS\build\release-template.jsb2</ProjectPath>
                                  </LinkedFileBundleItem>
                                </bundleItem>
                              </children>
                            </bundleItem>
                            <bundleItem modelId="73d4e7d0-a7fa-40ae-8b45-1ad7ed954154" itemTypeName="Sage.Platform.WebPortal.Design.BundleSupport.LinkedFolderBundleItem, Sage.Platform.WebPortal.Design">
                              <LinkedFolderBundleItem xmlns:xsi="http://www.w3.org/2001/XMLSchema-instance" xmlns:xsd="http://www.w3.org/2001/XMLSchema">
                                <ItemId>\Portal\SlxMobile\SlxMobile.mobapp.ptl.xml\SourceFiles\Products\argos-AlexFMS\configuration</ItemId>
                                <Url>\Portal\SlxMobile\SlxMobile.mobapp.ptl.xml\SourceFiles\Products\argos-AlexFMS\configuration</Url>
                                <BundleItemType>Container</BundleItemType>
                                <Caption>configuration</Caption>
                                <InstallOptions>SkipItemAndChildren</InstallOptions>
                              </LinkedFolderBundleItem>
                              <children>
                                <bundleItem modelId="73d4e7d0-a7fa-40ae-8b45-1ad7ed954154" itemTypeName="Sage.Platform.WebPortal.Design.BundleSupport.LinkedFileBundleItem, Sage.Platform.WebPortal.Design">
                                  <LinkedFileBundleItem xmlns:xsi="http://www.w3.org/2001/XMLSchema-instance" xmlns:xsd="http://www.w3.org/2001/XMLSchema">
                                    <ItemId>\Portal\SlxMobile\SourceFiles\Products\argos-AlexFMS\configuration\development.js</ItemId>
                                    <Url>\Portal\SlxMobile\SourceFiles\Products\argos-AlexFMS\configuration\development.js</Url>
                                    <BundleItemType>Other</BundleItemType>
                                    <Caption>development.js</Caption>
                                    <InstallOptions>SkipItemAndChildren</InstallOptions>
                                    <IsLinkedFile>false</IsLinkedFile>
                                    <SourcePath>c:\Projects\AlexFMS\Model\Portal\SlxMobile\SourceFiles\Products\argos-AlexFMS\configuration\development.js</SourcePath>
                                    <ParentModelItemUrl>\Portal\SlxMobile\SlxMobile.mobapp.ptl.xml</ParentModelItemUrl>
                                    <ProjectPath>SourceFiles\Products\argos-AlexFMS\configuration\development.js</ProjectPath>
                                  </LinkedFileBundleItem>
                                </bundleItem>
                                <bundleItem modelId="73d4e7d0-a7fa-40ae-8b45-1ad7ed954154" itemTypeName="Sage.Platform.WebPortal.Design.BundleSupport.LinkedFileBundleItem, Sage.Platform.WebPortal.Design">
                                  <LinkedFileBundleItem xmlns:xsi="http://www.w3.org/2001/XMLSchema-instance" xmlns:xsd="http://www.w3.org/2001/XMLSchema">
                                    <ItemId>\Portal\SlxMobile\SourceFiles\Products\argos-AlexFMS\configuration\production.js</ItemId>
                                    <Url>\Portal\SlxMobile\SourceFiles\Products\argos-AlexFMS\configuration\production.js</Url>
                                    <BundleItemType>Other</BundleItemType>
                                    <Caption>production.js</Caption>
                                    <InstallOptions>SkipItemAndChildren</InstallOptions>
                                    <IsLinkedFile>false</IsLinkedFile>
                                    <SourcePath>c:\Projects\AlexFMS\Model\Portal\SlxMobile\SourceFiles\Products\argos-AlexFMS\configuration\production.js</SourcePath>
                                    <ParentModelItemUrl>\Portal\SlxMobile\SlxMobile.mobapp.ptl.xml</ParentModelItemUrl>
                                    <ProjectPath>SourceFiles\Products\argos-AlexFMS\configuration\production.js</ProjectPath>
                                  </LinkedFileBundleItem>
                                </bundleItem>
                              </children>
                            </bundleItem>
                            <bundleItem modelId="73d4e7d0-a7fa-40ae-8b45-1ad7ed954154" itemTypeName="Sage.Platform.WebPortal.Design.BundleSupport.LinkedFolderBundleItem, Sage.Platform.WebPortal.Design">
                              <LinkedFolderBundleItem xmlns:xsi="http://www.w3.org/2001/XMLSchema-instance" xmlns:xsd="http://www.w3.org/2001/XMLSchema">
                                <ItemId>\Portal\SlxMobile\SlxMobile.mobapp.ptl.xml\SourceFiles\Products\argos-AlexFMS\src</ItemId>
                                <Url>\Portal\SlxMobile\SlxMobile.mobapp.ptl.xml\SourceFiles\Products\argos-AlexFMS\src</Url>
                                <BundleItemType>Container</BundleItemType>
                                <Caption>src</Caption>
                                <InstallOptions>SkipItemAndChildren</InstallOptions>
                              </LinkedFolderBundleItem>
                              <children>
                                <bundleItem modelId="73d4e7d0-a7fa-40ae-8b45-1ad7ed954154" itemTypeName="Sage.Platform.WebPortal.Design.BundleSupport.LinkedFolderBundleItem, Sage.Platform.WebPortal.Design">
                                  <LinkedFolderBundleItem xmlns:xsi="http://www.w3.org/2001/XMLSchema-instance" xmlns:xsd="http://www.w3.org/2001/XMLSchema">
                                    <ItemId>\Portal\SlxMobile\SlxMobile.mobapp.ptl.xml\SourceFiles\Products\argos-AlexFMS\src\views</ItemId>
                                    <Url>\Portal\SlxMobile\SlxMobile.mobapp.ptl.xml\SourceFiles\Products\argos-AlexFMS\src\views</Url>
                                    <BundleItemType>Container</BundleItemType>
                                    <Caption>views</Caption>
                                    <InstallOptions>SkipItemAndChildren</InstallOptions>
                                  </LinkedFolderBundleItem>
                                  <children>
                                    <bundleItem modelId="73d4e7d0-a7fa-40ae-8b45-1ad7ed954154" itemTypeName="Sage.Platform.WebPortal.Design.BundleSupport.LinkedFolderBundleItem, Sage.Platform.WebPortal.Design">
                                      <LinkedFolderBundleItem xmlns:xsi="http://www.w3.org/2001/XMLSchema-instance" xmlns:xsd="http://www.w3.org/2001/XMLSchema">
                                        <ItemId>\Portal\SlxMobile\SlxMobile.mobapp.ptl.xml\SourceFiles\Products\argos-AlexFMS\src\views\Job</ItemId>
                                        <Url>\Portal\SlxMobile\SlxMobile.mobapp.ptl.xml\SourceFiles\Products\argos-AlexFMS\src\views\Job</Url>
                                        <BundleItemType>Container</BundleItemType>
                                        <Caption>Job</Caption>
                                        <InstallOptions>SkipItemAndChildren</InstallOptions>
                                      </LinkedFolderBundleItem>
                                      <children>
                                        <bundleItem modelId="73d4e7d0-a7fa-40ae-8b45-1ad7ed954154" itemTypeName="Sage.Platform.WebPortal.Design.BundleSupport.LinkedFileBundleItem, Sage.Platform.WebPortal.Design">
                                          <LinkedFileBundleItem xmlns:xsi="http://www.w3.org/2001/XMLSchema-instance" xmlns:xsd="http://www.w3.org/2001/XMLSchema">
                                            <ItemId>\Portal\SlxMobile\SourceFiles\Products\argos-AlexFMS\src\views\Job\Cancel.js</ItemId>
                                            <Url>\Portal\SlxMobile\SourceFiles\Products\argos-AlexFMS\src\views\Job\Cancel.js</Url>
                                            <BundleItemType>Other</BundleItemType>
                                            <Caption>Cancel.js</Caption>
                                            <InstallOptions>SkipItemAndChildren</InstallOptions>
                                            <IsLinkedFile>false</IsLinkedFile>
                                            <SourcePath>c:\Projects\AlexFMS\Model\Portal\SlxMobile\SourceFiles\Products\argos-AlexFMS\src\views\Job\Cancel.js</SourcePath>
                                            <ParentModelItemUrl>\Portal\SlxMobile\SlxMobile.mobapp.ptl.xml</ParentModelItemUrl>
                                            <ProjectPath>SourceFiles\Products\argos-AlexFMS\src\views\Job\Cancel.js</ProjectPath>
                                          </LinkedFileBundleItem>
                                        </bundleItem>
                                        <bundleItem modelId="73d4e7d0-a7fa-40ae-8b45-1ad7ed954154" itemTypeName="Sage.Platform.WebPortal.Design.BundleSupport.LinkedFileBundleItem, Sage.Platform.WebPortal.Design">
                                          <LinkedFileBundleItem xmlns:xsi="http://www.w3.org/2001/XMLSchema-instance" xmlns:xsd="http://www.w3.org/2001/XMLSchema">
                                            <ItemId>\Portal\SlxMobile\SourceFiles\Products\argos-AlexFMS\src\views\Job\Complete.js</ItemId>
                                            <Url>\Portal\SlxMobile\SourceFiles\Products\argos-AlexFMS\src\views\Job\Complete.js</Url>
                                            <BundleItemType>Other</BundleItemType>
                                            <Caption>Complete.js</Caption>
                                            <InstallOptions>SkipItemAndChildren</InstallOptions>
                                            <IsLinkedFile>false</IsLinkedFile>
                                            <SourcePath>c:\Projects\AlexFMS\Model\Portal\SlxMobile\SourceFiles\Products\argos-AlexFMS\src\views\Job\Complete.js</SourcePath>
                                            <ParentModelItemUrl>\Portal\SlxMobile\SlxMobile.mobapp.ptl.xml</ParentModelItemUrl>
                                            <ProjectPath>SourceFiles\Products\argos-AlexFMS\src\views\Job\Complete.js</ProjectPath>
                                          </LinkedFileBundleItem>
                                        </bundleItem>
                                        <bundleItem modelId="73d4e7d0-a7fa-40ae-8b45-1ad7ed954154" itemTypeName="Sage.Platform.WebPortal.Design.BundleSupport.LinkedFileBundleItem, Sage.Platform.WebPortal.Design">
                                          <LinkedFileBundleItem xmlns:xsi="http://www.w3.org/2001/XMLSchema-instance" xmlns:xsd="http://www.w3.org/2001/XMLSchema">
                                            <ItemId>\Portal\SlxMobile\SourceFiles\Products\argos-AlexFMS\src\views\Job\Detail.js</ItemId>
                                            <Url>\Portal\SlxMobile\SourceFiles\Products\argos-AlexFMS\src\views\Job\Detail.js</Url>
                                            <BundleItemType>Other</BundleItemType>
                                            <Caption>Detail.js</Caption>
                                            <InstallOptions>SkipItemAndChildren</InstallOptions>
                                            <IsLinkedFile>false</IsLinkedFile>
                                            <SourcePath>c:\Projects\AlexFMS\Model\Portal\SlxMobile\SourceFiles\Products\argos-AlexFMS\src\views\Job\Detail.js</SourcePath>
                                            <ParentModelItemUrl>\Portal\SlxMobile\SlxMobile.mobapp.ptl.xml</ParentModelItemUrl>
                                            <ProjectPath>SourceFiles\Products\argos-AlexFMS\src\views\Job\Detail.js</ProjectPath>
                                          </LinkedFileBundleItem>
                                        </bundleItem>
                                        <bundleItem modelId="73d4e7d0-a7fa-40ae-8b45-1ad7ed954154" itemTypeName="Sage.Platform.WebPortal.Design.BundleSupport.LinkedFileBundleItem, Sage.Platform.WebPortal.Design">
                                          <LinkedFileBundleItem xmlns:xsi="http://www.w3.org/2001/XMLSchema-instance" xmlns:xsd="http://www.w3.org/2001/XMLSchema">
                                            <ItemId>\Portal\SlxMobile\SourceFiles\Products\argos-AlexFMS\src\views\Job\Reschedule.js</ItemId>
                                            <Url>\Portal\SlxMobile\SourceFiles\Products\argos-AlexFMS\src\views\Job\Reschedule.js</Url>
                                            <BundleItemType>Other</BundleItemType>
                                            <Caption>Reschedule.js</Caption>
                                            <InstallOptions>SkipItemAndChildren</InstallOptions>
                                            <IsLinkedFile>false</IsLinkedFile>
                                            <SourcePath>c:\Projects\AlexFMS\Model\Portal\SlxMobile\SourceFiles\Products\argos-AlexFMS\src\views\Job\Reschedule.js</SourcePath>
                                            <ParentModelItemUrl>\Portal\SlxMobile\SlxMobile.mobapp.ptl.xml</ParentModelItemUrl>
                                            <ProjectPath>SourceFiles\Products\argos-AlexFMS\src\views\Job\Reschedule.js</ProjectPath>
                                          </LinkedFileBundleItem>
                                        </bundleItem>
                                        <bundleItem modelId="73d4e7d0-a7fa-40ae-8b45-1ad7ed954154" itemTypeName="Sage.Platform.WebPortal.Design.BundleSupport.LinkedFileBundleItem, Sage.Platform.WebPortal.Design">
                                          <LinkedFileBundleItem xmlns:xsi="http://www.w3.org/2001/XMLSchema-instance" xmlns:xsd="http://www.w3.org/2001/XMLSchema">
                                            <ItemId>\Portal\SlxMobile\SourceFiles\Products\argos-AlexFMS\src\views\Job\TodaySchedule.js</ItemId>
                                            <Url>\Portal\SlxMobile\SourceFiles\Products\argos-AlexFMS\src\views\Job\TodaySchedule.js</Url>
                                            <BundleItemType>Other</BundleItemType>
                                            <Caption>TodaySchedule.js</Caption>
                                            <InstallOptions>SkipItemAndChildren</InstallOptions>
                                            <IsLinkedFile>false</IsLinkedFile>
                                            <SourcePath>c:\Projects\AlexFMS\Model\Portal\SlxMobile\SourceFiles\Products\argos-AlexFMS\src\views\Job\TodaySchedule.js</SourcePath>
                                            <ParentModelItemUrl>\Portal\SlxMobile\SlxMobile.mobapp.ptl.xml</ParentModelItemUrl>
                                            <ProjectPath>SourceFiles\Products\argos-AlexFMS\src\views\Job\TodaySchedule.js</ProjectPath>
                                          </LinkedFileBundleItem>
                                        </bundleItem>
                                      </children>
                                    </bundleItem>
                                  </children>
                                </bundleItem>
                                <bundleItem modelId="73d4e7d0-a7fa-40ae-8b45-1ad7ed954154" itemTypeName="Sage.Platform.WebPortal.Design.BundleSupport.LinkedFileBundleItem, Sage.Platform.WebPortal.Design">
                                  <LinkedFileBundleItem xmlns:xsi="http://www.w3.org/2001/XMLSchema-instance" xmlns:xsd="http://www.w3.org/2001/XMLSchema">
                                    <ItemId>\Portal\SlxMobile\SourceFiles\Products\argos-AlexFMS\src\ApplicationModule.js</ItemId>
                                    <Url>\Portal\SlxMobile\SourceFiles\Products\argos-AlexFMS\src\ApplicationModule.js</Url>
                                    <BundleItemType>Other</BundleItemType>
                                    <Caption>ApplicationModule.js</Caption>
                                    <InstallOptions>SkipItemAndChildren</InstallOptions>
                                    <IsLinkedFile>false</IsLinkedFile>
                                    <SourcePath>c:\Projects\AlexFMS\Model\Portal\SlxMobile\SourceFiles\Products\argos-AlexFMS\src\ApplicationModule.js</SourcePath>
                                    <ParentModelItemUrl>\Portal\SlxMobile\SlxMobile.mobapp.ptl.xml</ParentModelItemUrl>
                                    <ProjectPath>SourceFiles\Products\argos-AlexFMS\src\ApplicationModule.js</ProjectPath>
                                  </LinkedFileBundleItem>
                                </bundleItem>
                                <bundleItem modelId="73d4e7d0-a7fa-40ae-8b45-1ad7ed954154" itemTypeName="Sage.Platform.WebPortal.Design.BundleSupport.LinkedFileBundleItem, Sage.Platform.WebPortal.Design">
                                  <LinkedFileBundleItem xmlns:xsi="http://www.w3.org/2001/XMLSchema-instance" xmlns:xsd="http://www.w3.org/2001/XMLSchema">
                                    <ItemId>\Portal\SlxMobile\SourceFiles\Products\argos-AlexFMS\src\SignatureField.js</ItemId>
                                    <Url>\Portal\SlxMobile\SourceFiles\Products\argos-AlexFMS\src\SignatureField.js</Url>
                                    <BundleItemType>Other</BundleItemType>
                                    <Caption>SignatureField.js</Caption>
                                    <InstallOptions>SkipItemAndChildren</InstallOptions>
                                    <IsLinkedFile>false</IsLinkedFile>
                                    <SourcePath>c:\Projects\AlexFMS\Model\Portal\SlxMobile\SourceFiles\Products\argos-AlexFMS\src\SignatureField.js</SourcePath>
                                    <ParentModelItemUrl>\Portal\SlxMobile\SlxMobile.mobapp.ptl.xml</ParentModelItemUrl>
                                    <ProjectPath>SourceFiles\Products\argos-AlexFMS\src\SignatureField.js</ProjectPath>
                                  </LinkedFileBundleItem>
                                </bundleItem>
                              </children>
                            </bundleItem>
                            <bundleItem modelId="73d4e7d0-a7fa-40ae-8b45-1ad7ed954154" itemTypeName="Sage.Platform.WebPortal.Design.BundleSupport.LinkedFileBundleItem, Sage.Platform.WebPortal.Design">
                              <LinkedFileBundleItem xmlns:xsi="http://www.w3.org/2001/XMLSchema-instance" xmlns:xsd="http://www.w3.org/2001/XMLSchema">
                                <ItemId>\Portal\SlxMobile\SourceFiles\Products\argos-AlexFMS\argos-AlexFMS.mobapp.module.xml</ItemId>
                                <Url>\Portal\SlxMobile\SourceFiles\Products\argos-AlexFMS\argos-AlexFMS.mobapp.module.xml</Url>
                                <BundleItemType>Other</BundleItemType>
                                <Caption>argos-AlexFMS.mobapp.module.xml</Caption>
                                <InstallOptions>SkipItemAndChildren</InstallOptions>
                                <IsLinkedFile>false</IsLinkedFile>
                                <SourcePath>c:\Projects\AlexFMS\Model\Portal\SlxMobile\SourceFiles\Products\argos-AlexFMS\argos-AlexFMS.mobapp.module.xml</SourcePath>
                                <ParentModelItemUrl>\Portal\SlxMobile\SlxMobile.mobapp.ptl.xml</ParentModelItemUrl>
                                <ProjectPath>SourceFiles\Products\argos-AlexFMS\argos-AlexFMS.mobapp.module.xml</ProjectPath>
                              </LinkedFileBundleItem>
                            </bundleItem>
                            <bundleItem modelId="73d4e7d0-a7fa-40ae-8b45-1ad7ed954154" itemTypeName="Sage.Platform.WebPortal.Design.BundleSupport.LinkedFileBundleItem, Sage.Platform.WebPortal.Design">
                              <LinkedFileBundleItem xmlns:xsi="http://www.w3.org/2001/XMLSchema-instance" xmlns:xsd="http://www.w3.org/2001/XMLSchema">
                                <ItemId>\Portal\SlxMobile\SourceFiles\Products\argos-AlexFMS\module-fragment.html</ItemId>
                                <Url>\Portal\SlxMobile\SourceFiles\Products\argos-AlexFMS\module-fragment.html</Url>
                                <BundleItemType>Other</BundleItemType>
                                <Caption>module-fragment.html</Caption>
                                <InstallOptions>SkipItemAndChildren</InstallOptions>
                                <IsLinkedFile>false</IsLinkedFile>
                                <SourcePath>c:\Projects\AlexFMS\Model\Portal\SlxMobile\SourceFiles\Products\argos-AlexFMS\module-fragment.html</SourcePath>
                                <ParentModelItemUrl>\Portal\SlxMobile\SlxMobile.mobapp.ptl.xml</ParentModelItemUrl>
                                <ProjectPath>SourceFiles\Products\argos-AlexFMS\module-fragment.html</ProjectPath>
                              </LinkedFileBundleItem>
                            </bundleItem>
                            <bundleItem modelId="73d4e7d0-a7fa-40ae-8b45-1ad7ed954154" itemTypeName="Sage.Platform.WebPortal.Design.BundleSupport.LinkedFileBundleItem, Sage.Platform.WebPortal.Design">
                              <LinkedFileBundleItem xmlns:xsi="http://www.w3.org/2001/XMLSchema-instance" xmlns:xsd="http://www.w3.org/2001/XMLSchema">
                                <ItemId>\Portal\SlxMobile\SourceFiles\Products\argos-AlexFMS\module-info.json</ItemId>
                                <Url>\Portal\SlxMobile\SourceFiles\Products\argos-AlexFMS\module-info.json</Url>
                                <BundleItemType>Other</BundleItemType>
                                <Caption>module-info.json</Caption>
                                <InstallOptions>SkipItemAndChildren</InstallOptions>
                                <IsLinkedFile>false</IsLinkedFile>
                                <SourcePath>c:\Projects\AlexFMS\Model\Portal\SlxMobile\SourceFiles\Products\argos-AlexFMS\module-info.json</SourcePath>
                                <ParentModelItemUrl>\Portal\SlxMobile\SlxMobile.mobapp.ptl.xml</ParentModelItemUrl>
                                <ProjectPath>SourceFiles\Products\argos-AlexFMS\module-info.json</ProjectPath>
                              </LinkedFileBundleItem>
                            </bundleItem>
                          </children>
                        </bundleItem>
                      </children>
                    </bundleItem>
                  </children>
                </bundleItem>
              </children>
            </bundleItem>
            <bundleItem modelId="73d4e7d0-a7fa-40ae-8b45-1ad7ed954154" itemTypeName="Sage.Platform.WebPortal.Design.BundleSupport.ModelItemBundleItem, Sage.Platform.WebPortal.Design">
              <ModelItemBundleItem xmlns:xsi="http://www.w3.org/2001/XMLSchema-instance" xmlns:xsd="http://www.w3.org/2001/XMLSchema">
                <ItemId>861ac5fe-b571-4015-a55d-bf63e400e1e7</ItemId>
                <Url>\Portal\SlxClient\SlxClient.cabapp.ptl.xml</Url>
                <BundleItemType>Context</BundleItemType>
                <Caption>Sage SalesLogix</Caption>
              </ModelItemBundleItem>
              <children>
                <bundleItem modelId="73d4e7d0-a7fa-40ae-8b45-1ad7ed954154" itemTypeName="Sage.Platform.WebPortal.Design.BundleSupport.LinkedFolderBundleItem, Sage.Platform.WebPortal.Design">
                  <LinkedFolderBundleItem xmlns:xsi="http://www.w3.org/2001/XMLSchema-instance" xmlns:xsd="http://www.w3.org/2001/XMLSchema">
                    <ItemId>\Portal\SlxClient\SlxClient.cabapp.ptl.xml\SupportFiles</ItemId>
                    <Url>\Portal\SlxClient\SlxClient.cabapp.ptl.xml\SupportFiles</Url>
                    <BundleItemType>Context</BundleItemType>
                    <Caption>SupportFiles</Caption>
                    <InstallOptions>SkipItemAndChildren</InstallOptions>
                  </LinkedFolderBundleItem>
                  <children>
                    <bundleItem modelId="73d4e7d0-a7fa-40ae-8b45-1ad7ed954154" itemTypeName="Sage.Platform.WebPortal.Design.BundleSupport.LinkedFolderBundleItem, Sage.Platform.WebPortal.Design">
                      <LinkedFolderBundleItem xmlns:xsi="http://www.w3.org/2001/XMLSchema-instance" xmlns:xsd="http://www.w3.org/2001/XMLSchema">
                        <ItemId>\Portal\SlxClient\SlxClient.cabapp.ptl.xml\SupportFiles\Bin</ItemId>
                        <Url>\Portal\SlxClient\SlxClient.cabapp.ptl.xml\SupportFiles\Bin</Url>
                        <BundleItemType>Context</BundleItemType>
                        <Caption>Bin</Caption>
                        <InstallOptions>SkipItemAndChildren</InstallOptions>
                      </LinkedFolderBundleItem>
                      <children>
                        <bundleItem modelId="73d4e7d0-a7fa-40ae-8b45-1ad7ed954154" itemTypeName="Sage.Platform.WebPortal.Design.BundleSupport.LinkedFileBundleItem, Sage.Platform.WebPortal.Design">
                          <LinkedFileBundleItem xmlns:xsi="http://www.w3.org/2001/XMLSchema-instance" xmlns:xsd="http://www.w3.org/2001/XMLSchema">
                            <ItemId>\Portal\SlxClient\SupportFiles\Bin\AlexFMS.BusinessRules.dll</ItemId>
                            <Url>\Portal\SlxClient\SupportFiles\Bin\AlexFMS.BusinessRules.dll</Url>
                            <BundleItemType>Other</BundleItemType>
                            <Caption>AlexFMS.BusinessRules.dll</Caption>
                            <InstallOptions>SkipItemAndChildren</InstallOptions>
                            <IsLinkedFile>false</IsLinkedFile>
                            <SourcePath>c:\Projects\AlexFMS\Model\Portal\SlxClient\SupportFiles\Bin\AlexFMS.BusinessRules.dll</SourcePath>
                            <ParentModelItemUrl>\Portal\SlxClient\SlxClient.cabapp.ptl.xml</ParentModelItemUrl>
                            <ProjectPath>SupportFiles\Bin\AlexFMS.BusinessRules.dll</ProjectPath>
                          </LinkedFileBundleItem>
                        </bundleItem>
                        <bundleItem modelId="73d4e7d0-a7fa-40ae-8b45-1ad7ed954154" itemTypeName="Sage.Platform.WebPortal.Design.BundleSupport.LinkedFileBundleItem, Sage.Platform.WebPortal.Design">
                          <LinkedFileBundleItem xmlns:xsi="http://www.w3.org/2001/XMLSchema-instance" xmlns:xsd="http://www.w3.org/2001/XMLSchema">
                            <ItemId>\Portal\SlxClient\SupportFiles\Bin\AlexFMS.BusinessRules.pdb</ItemId>
                            <Url>\Portal\SlxClient\SupportFiles\Bin\AlexFMS.BusinessRules.pdb</Url>
                            <BundleItemType>Other</BundleItemType>
                            <Caption>AlexFMS.BusinessRules.pdb</Caption>
                            <InstallOptions>SkipItemAndChildren</InstallOptions>
                            <IsLinkedFile>false</IsLinkedFile>
                            <SourcePath>c:\Projects\AlexFMS\Model\Portal\SlxClient\SupportFiles\Bin\AlexFMS.BusinessRules.pdb</SourcePath>
                            <ParentModelItemUrl>\Portal\SlxClient\SlxClient.cabapp.ptl.xml</ParentModelItemUrl>
                            <ProjectPath>SupportFiles\Bin\AlexFMS.BusinessRules.pdb</ProjectPath>
                          </LinkedFileBundleItem>
                        </bundleItem>
                      </children>
                    </bundleItem>
                  </children>
                </bundleItem>
              </children>
            </bundleItem>
            <bundleItem modelId="73d4e7d0-a7fa-40ae-8b45-1ad7ed954154" itemTypeName="Sage.Platform.WebPortal.Design.BundleSupport.ModelItemBundleItem, Sage.Platform.WebPortal.Design">
              <ModelItemBundleItem xmlns:xsi="http://www.w3.org/2001/XMLSchema-instance" xmlns:xsd="http://www.w3.org/2001/XMLSchema">
                <ItemId>73c2d444-e18c-43b0-9543-4022b8632e3a</ItemId>
                <Url>\Portal\sdata\sdata.cabsvc.ptl.xml</Url>
                <BundleItemType>Context</BundleItemType>
                <Caption>SData Integration Host</Caption>
              </ModelItemBundleItem>
              <children>
                <bundleItem modelId="73d4e7d0-a7fa-40ae-8b45-1ad7ed954154" itemTypeName="Sage.Platform.WebPortal.Design.BundleSupport.LinkedFolderBundleItem, Sage.Platform.WebPortal.Design">
                  <LinkedFolderBundleItem xmlns:xsi="http://www.w3.org/2001/XMLSchema-instance" xmlns:xsd="http://www.w3.org/2001/XMLSchema">
                    <ItemId>\Portal\sdata\sdata.cabsvc.ptl.xml\SupportFiles</ItemId>
                    <Url>\Portal\sdata\sdata.cabsvc.ptl.xml\SupportFiles</Url>
                    <BundleItemType>Context</BundleItemType>
                    <Caption>SupportFiles</Caption>
                    <InstallOptions>SkipItemAndChildren</InstallOptions>
                  </LinkedFolderBundleItem>
                  <children>
                    <bundleItem modelId="73d4e7d0-a7fa-40ae-8b45-1ad7ed954154" itemTypeName="Sage.Platform.WebPortal.Design.BundleSupport.LinkedFolderBundleItem, Sage.Platform.WebPortal.Design">
                      <LinkedFolderBundleItem xmlns:xsi="http://www.w3.org/2001/XMLSchema-instance" xmlns:xsd="http://www.w3.org/2001/XMLSchema">
                        <ItemId>\Portal\sdata\sdata.cabsvc.ptl.xml\SupportFiles\bin</ItemId>
                        <Url>\Portal\sdata\sdata.cabsvc.ptl.xml\SupportFiles\bin</Url>
                        <BundleItemType>Context</BundleItemType>
                        <Caption>bin</Caption>
                        <InstallOptions>SkipItemAndChildren</InstallOptions>
                      </LinkedFolderBundleItem>
                      <children>
                        <bundleItem modelId="73d4e7d0-a7fa-40ae-8b45-1ad7ed954154" itemTypeName="Sage.Platform.WebPortal.Design.BundleSupport.LinkedFileBundleItem, Sage.Platform.WebPortal.Design">
                          <LinkedFileBundleItem xmlns:xsi="http://www.w3.org/2001/XMLSchema-instance" xmlns:xsd="http://www.w3.org/2001/XMLSchema">
                            <ItemId>\Portal\sdata\SupportFiles\bin\AlexFMS.BusinessRules.dll</ItemId>
                            <Url>\Portal\sdata\SupportFiles\bin\AlexFMS.BusinessRules.dll</Url>
                            <BundleItemType>Other</BundleItemType>
                            <Caption>AlexFMS.BusinessRules.dll</Caption>
                            <InstallOptions>SkipItemAndChildren</InstallOptions>
                            <IsLinkedFile>false</IsLinkedFile>
                            <SourcePath>c:\Projects\AlexFMS\Model\Portal\sdata\SupportFiles\bin\AlexFMS.BusinessRules.dll</SourcePath>
                            <ParentModelItemUrl>\Portal\sdata\sdata.cabsvc.ptl.xml</ParentModelItemUrl>
                            <ProjectPath>SupportFiles\bin\AlexFMS.BusinessRules.dll</ProjectPath>
                          </LinkedFileBundleItem>
                        </bundleItem>
                        <bundleItem modelId="73d4e7d0-a7fa-40ae-8b45-1ad7ed954154" itemTypeName="Sage.Platform.WebPortal.Design.BundleSupport.LinkedFileBundleItem, Sage.Platform.WebPortal.Design">
                          <LinkedFileBundleItem xmlns:xsi="http://www.w3.org/2001/XMLSchema-instance" xmlns:xsd="http://www.w3.org/2001/XMLSchema">
                            <ItemId>\Portal\sdata\SupportFiles\bin\AlexFMS.BusinessRules.pdb</ItemId>
                            <Url>\Portal\sdata\SupportFiles\bin\AlexFMS.BusinessRules.pdb</Url>
                            <BundleItemType>Other</BundleItemType>
                            <Caption>AlexFMS.BusinessRules.pdb</Caption>
                            <InstallOptions>SkipItemAndChildren</InstallOptions>
                            <IsLinkedFile>false</IsLinkedFile>
                            <SourcePath>c:\Projects\AlexFMS\Model\Portal\sdata\SupportFiles\bin\AlexFMS.BusinessRules.pdb</SourcePath>
                            <ParentModelItemUrl>\Portal\sdata\sdata.cabsvc.ptl.xml</ParentModelItemUrl>
                            <ProjectPath>SupportFiles\bin\AlexFMS.BusinessRules.pdb</ProjectPath>
                          </LinkedFileBundleItem>
                        </bundleItem>
                      </children>
                    </bundleItem>
                  </children>
                </bundleItem>
              </children>
            </bundleItem>
          </children>
        </bundleItem>
        <bundleItem modelId="a7bdd2d9-93b0-499d-9fd4-c3f7a5f94e28" itemTypeName="Sage.Platform.Orm.Entities.BundleSupport.EntityModelContext, Sage.Platform">
          <EntityModelContext xmlns:xsi="http://www.w3.org/2001/XMLSchema-instance" xmlns:xsd="http://www.w3.org/2001/XMLSchema">
            <ItemId>entitymodel</ItemId>
            <Url>\::Entity Model</Url>
            <BundleItemType>Container</BundleItemType>
            <Caption>Entity Model</Caption>
          </EntityModelContext>
          <children>
            <bundleItem modelId="a7bdd2d9-93b0-499d-9fd4-c3f7a5f94e28" itemTypeName="Sage.Platform.Orm.Entities.BundleSupport.PackagesContext, Sage.Platform">
              <PackagesContext xmlns:xsi="http://www.w3.org/2001/XMLSchema-instance" xmlns:xsd="http://www.w3.org/2001/XMLSchema">
                <ItemId>entitymodel\packages</ItemId>
                <Url>\::Entity Model::Packages</Url>
                <BundleItemType>Container</BundleItemType>
                <Caption>Packages</Caption>
              </PackagesContext>
              <children>
                <bundleItem modelId="a7bdd2d9-93b0-499d-9fd4-c3f7a5f94e28" itemTypeName="Sage.Platform.Orm.Entities.BundleSupport.PackageBundleItem, Sage.Platform">
                  <PackageBundleItem xmlns:xsi="http://www.w3.org/2001/XMLSchema-instance" xmlns:xsd="http://www.w3.org/2001/XMLSchema">
                    <ItemId>7ddc7cbe-e71d-483a-8599-6c5c483ee050</ItemId>
                    <Url>\Entity Model\SalesLogix Application Entities\SalesLogix Application Entities.T.package.xml</Url>
                    <BundleItemType>Context</BundleItemType>
                    <Caption>SalesLogix Application Entities</Caption>
                  </PackageBundleItem>
                  <children>
                    <bundleItem modelId="a7bdd2d9-93b0-499d-9fd4-c3f7a5f94e28" itemTypeName="Sage.Platform.Orm.Entities.BundleSupport.EntityBundleItem, Sage.Platform">
                      <EntityBundleItem xmlns:xsi="http://www.w3.org/2001/XMLSchema-instance" xmlns:xsd="http://www.w3.org/2001/XMLSchema">
                        <ItemId>e7a70408-03cb-4667-890b-39de33fb739b</ItemId>
                        <Url>\Entity Model\SalesLogix Application Entities\Ticket\Ticket.TICKET.entity.xml</Url>
                        <BundleItemType>Context</BundleItemType>
                        <Caption>Ticket</Caption>
                      </EntityBundleItem>
                      <children>
                        <bundleItem modelId="a7bdd2d9-93b0-499d-9fd4-c3f7a5f94e28" itemTypeName="Sage.Platform.Orm.Entities.BundleSupport.EntitySubFolderContext, Sage.Platform">
                          <EntitySubFolderContext xmlns:xsi="http://www.w3.org/2001/XMLSchema-instance" xmlns:xsd="http://www.w3.org/2001/XMLSchema">
                            <ItemId>e7a70408-03cb-4667-890b-39de33fb739bproperties</ItemId>
                            <Url>\Entity Model\SalesLogix Application Entities\Ticket\Ticket.TICKET.entity.xml::Properties</Url>
                            <BundleItemType>Container</BundleItemType>
                            <Caption>Properties</Caption>
                            <ParentUrl>\Entity Model\SalesLogix Application Entities\Ticket\Ticket.TICKET.entity.xml</ParentUrl>
                            <CaptionKey>properties</CaptionKey>
                          </EntitySubFolderContext>
                          <children>
                            <bundleItem modelId="a7bdd2d9-93b0-499d-9fd4-c3f7a5f94e28" itemTypeName="Sage.Platform.Orm.Entities.BundleSupport.PropertyBundleItem, Sage.Platform">
                              <PropertyBundleItem xmlns:xsi="http://www.w3.org/2001/XMLSchema-instance" xmlns:xsd="http://www.w3.org/2001/XMLSchema">
                                <ItemId>95617655-f47a-4fe3-b452-fe6f7240e7dc</ItemId>
                                <Url>\Entity Model\SalesLogix Application Entities\Ticket\Ticket.TICKET.entity.xml::Properties::Substatus</Url>
                                <BundleItemType>Other</BundleItemType>
                                <Caption>Substatus</Caption>
                                <SerializationOptions>RecurseChildren</SerializationOptions>
                                <InstallOptions>RecurseChildren</InstallOptions>
                              </PropertyBundleItem>
                            </bundleItem>
                            <bundleItem modelId="a7bdd2d9-93b0-499d-9fd4-c3f7a5f94e28" itemTypeName="Sage.Platform.Orm.Entities.BundleSupport.PropertyBundleItem, Sage.Platform">
                              <PropertyBundleItem xmlns:xsi="http://www.w3.org/2001/XMLSchema-instance" xmlns:xsd="http://www.w3.org/2001/XMLSchema">
                                <ItemId>19845fcf-6404-4ec8-ba4c-7b97cd1a0458</ItemId>
                                <Url>\Entity Model\SalesLogix Application Entities\Ticket\Ticket.TICKET.entity.xml::Properties::EmailJobNotes</Url>
                                <BundleItemType>Other</BundleItemType>
                                <Caption>EmailJobNotes</Caption>
                                <SerializationOptions>RecurseChildren</SerializationOptions>
                                <InstallOptions>RecurseChildren</InstallOptions>
                              </PropertyBundleItem>
                            </bundleItem>
                            <bundleItem modelId="a7bdd2d9-93b0-499d-9fd4-c3f7a5f94e28" itemTypeName="Sage.Platform.Orm.Entities.BundleSupport.PropertyBundleItem, Sage.Platform">
                              <PropertyBundleItem xmlns:xsi="http://www.w3.org/2001/XMLSchema-instance" xmlns:xsd="http://www.w3.org/2001/XMLSchema">
                                <ItemId>8e013d15-3a4f-412d-92d9-656f7e95604a</ItemId>
                                <Url>\Entity Model\SalesLogix Application Entities\Ticket\Ticket.TICKET.entity.xml::Properties::CustomerSignature</Url>
                                <BundleItemType>Other</BundleItemType>
                                <Caption>CustomerSignature</Caption>
                                <SerializationOptions>RecurseChildren</SerializationOptions>
                                <InstallOptions>RecurseChildren</InstallOptions>
                              </PropertyBundleItem>
                            </bundleItem>
                            <bundleItem modelId="a7bdd2d9-93b0-499d-9fd4-c3f7a5f94e28" itemTypeName="Sage.Platform.Orm.Entities.BundleSupport.PropertyBundleItem, Sage.Platform">
                              <PropertyBundleItem xmlns:xsi="http://www.w3.org/2001/XMLSchema-instance" xmlns:xsd="http://www.w3.org/2001/XMLSchema">
                                <ItemId>6abb4460-b0eb-4b76-9ae7-c5663f224330</ItemId>
                                <Url>\Entity Model\SalesLogix Application Entities\Ticket\Ticket.TICKET.entity.xml::Properties::JobAddressId</Url>
                                <BundleItemType>Other</BundleItemType>
                                <Caption>JobAddressId</Caption>
                                <SerializationOptions>RecurseChildren</SerializationOptions>
                                <InstallOptions>RecurseChildren</InstallOptions>
                              </PropertyBundleItem>
                            </bundleItem>
                            <bundleItem modelId="a7bdd2d9-93b0-499d-9fd4-c3f7a5f94e28" itemTypeName="Sage.Platform.Orm.Entities.BundleSupport.PropertyBundleItem, Sage.Platform">
                              <PropertyBundleItem xmlns:xsi="http://www.w3.org/2001/XMLSchema-instance" xmlns:xsd="http://www.w3.org/2001/XMLSchema">
                                <ItemId>255c9535-5a11-4069-8df8-712357dc7624</ItemId>
                                <Url>\Entity Model\SalesLogix Application Entities\Ticket\Ticket.TICKET.entity.xml::Properties::Duration</Url>
                                <BundleItemType>Other</BundleItemType>
                                <Caption>Duration</Caption>
                                <SerializationOptions>RecurseChildren</SerializationOptions>
                                <InstallOptions>RecurseChildren</InstallOptions>
                              </PropertyBundleItem>
                            </bundleItem>
                          </children>
                        </bundleItem>
                        <bundleItem modelId="a7bdd2d9-93b0-499d-9fd4-c3f7a5f94e28" itemTypeName="Sage.Platform.Orm.Entities.BundleSupport.EntitySubFolderContext, Sage.Platform">
                          <EntitySubFolderContext xmlns:xsi="http://www.w3.org/2001/XMLSchema-instance" xmlns:xsd="http://www.w3.org/2001/XMLSchema">
                            <ItemId>e7a70408-03cb-4667-890b-39de33fb739bquickforms</ItemId>
                            <Url>\Entity Model\SalesLogix Application Entities\Ticket\Ticket.TICKET.entity.xml::Forms</Url>
                            <BundleItemType>Container</BundleItemType>
                            <Caption>Forms</Caption>
                            <ParentUrl>\Entity Model\SalesLogix Application Entities\Ticket\Ticket.TICKET.entity.xml</ParentUrl>
                            <CaptionKey>quickforms</CaptionKey>
                          </EntitySubFolderContext>
                          <children>
                            <bundleItem modelId="b2741b79-02a2-4f4c-81cd-c204f82cf41c" itemTypeName="Sage.Platform.QuickForms.BundleSupport.QuickFormBundleItem, Sage.Platform.QuickForms">
                              <QuickFormBundleItem xmlns:xsi="http://www.w3.org/2001/XMLSchema-instance" xmlns:xsd="http://www.w3.org/2001/XMLSchema">
                                <ItemId>1781379d-f1d5-43ea-abb0-01d5000f19a3</ItemId>
                                <Url>\Entity Model\SalesLogix Application Entities\Ticket\QuickForms\TicketDetails.main.quickform.xml</Url>
                                <BundleItemType>ModelItem</BundleItemType>
                                <Caption>TicketDetails</Caption>
                              </QuickFormBundleItem>
                            </bundleItem>
                          </children>
                        </bundleItem>
                      </children>
                    </bundleItem>
                    <bundleItem modelId="a7bdd2d9-93b0-499d-9fd4-c3f7a5f94e28" itemTypeName="Sage.Platform.Orm.Entities.BundleSupport.EntityBundleItem, Sage.Platform">
                      <EntityBundleItem xmlns:xsi="http://www.w3.org/2001/XMLSchema-instance" xmlns:xsd="http://www.w3.org/2001/XMLSchema">
                        <ItemId>26c9bbe4-349e-4170-a059-e5159bac1087</ItemId>
                        <Url>\Entity Model\SalesLogix Application Entities\TicketActivity\TicketActivity.TICKETACTIVITY.entity.xml</Url>
                        <BundleItemType>Context</BundleItemType>
                        <Caption>TicketActivity</Caption>
                      </EntityBundleItem>
                      <children>
                        <bundleItem modelId="a7bdd2d9-93b0-499d-9fd4-c3f7a5f94e28" itemTypeName="Sage.Platform.Orm.Entities.BundleSupport.EntitySubFolderContext, Sage.Platform">
                          <EntitySubFolderContext xmlns:xsi="http://www.w3.org/2001/XMLSchema-instance" xmlns:xsd="http://www.w3.org/2001/XMLSchema">
                            <ItemId>26c9bbe4-349e-4170-a059-e5159bac1087events</ItemId>
                            <Url>\Entity Model\SalesLogix Application Entities\TicketActivity\TicketActivity.TICKETACTIVITY.entity.xml::Events</Url>
                            <BundleItemType>Container</BundleItemType>
                            <Caption>Events</Caption>
                            <ParentUrl>\Entity Model\SalesLogix Application Entities\TicketActivity\TicketActivity.TICKETACTIVITY.entity.xml</ParentUrl>
                            <CaptionKey>events</CaptionKey>
                          </EntitySubFolderContext>
                          <children>
                            <bundleItem modelId="a7bdd2d9-93b0-499d-9fd4-c3f7a5f94e28" itemTypeName="Sage.Platform.Orm.Entities.BundleSupport.BusinessRuleBundleItem, Sage.Platform">
                              <BusinessRuleBundleItem xmlns:xsi="http://www.w3.org/2001/XMLSchema-instance" xmlns:xsd="http://www.w3.org/2001/XMLSchema">
                                <ItemId>544b9e46-8363-4164-8470-999840fa83a0</ItemId>
                                <Url>\Entity Model\SalesLogix Application Entities\TicketActivity\OnBeforeInsert.method.xml</Url>
                                <BundleItemType>ModelItem</BundleItemType>
                                <Caption>OnBeforeInsert</Caption>
                              </BusinessRuleBundleItem>
                              <children>
                                <bundleItem modelId="a7bdd2d9-93b0-499d-9fd4-c3f7a5f94e28" itemTypeName="Sage.Platform.Orm.Entities.BundleSupport.StepsSubFolderContext, Sage.Platform">
                                  <StepsSubFolderContext xmlns:xsi="http://www.w3.org/2001/XMLSchema-instance" xmlns:xsd="http://www.w3.org/2001/XMLSchema">
                                    <ItemId>544b9e46-8363-4164-8470-999840fa83a0pre</ItemId>
                                    <Url>\Entity Model\SalesLogix Application Entities\TicketActivity\OnBeforeInsert.method.xml::Pre Execute Steps</Url>
                                    <BundleItemType>Container</BundleItemType>
                                    <Caption>Pre Execute Steps</Caption>
                                    <ParentUrl>\Entity Model\SalesLogix Application Entities\TicketActivity\OnBeforeInsert.method.xml</ParentUrl>
                                    <CaptionKey>pre</CaptionKey>
                                  </StepsSubFolderContext>
                                  <children>
                                    <bundleItem modelId="a7bdd2d9-93b0-499d-9fd4-c3f7a5f94e28" itemTypeName="Sage.Platform.Orm.Entities.BundleSupport.BusinessRuleStepBundleItem, Sage.Platform">
                                      <BusinessRuleStepBundleItem xmlns:xsi="http://www.w3.org/2001/XMLSchema-instance" xmlns:xsd="http://www.w3.org/2001/XMLSchema">
                                        <ItemId>87fd582c-75ba-42fe-900d-f60a3367499b</ItemId>
                                        <Url>\Entity Model\SalesLogix Application Entities\TicketActivity\OnBeforeInsert.method.xml::Pre Execute Steps::OnBeforeInsert</Url>
                                        <BundleItemType>Other</BundleItemType>
                                        <Caption>OnBeforeInsert</Caption>
                                        <SerializationOptions>ProcessDependentUrls</SerializationOptions>
                                        <InstallOptions>ProcessDependentUrls</InstallOptions>
                                      </BusinessRuleStepBundleItem>
                                    </bundleItem>
                                  </children>
                                </bundleItem>
                                <bundleItem modelId="a7bdd2d9-93b0-499d-9fd4-c3f7a5f94e28" itemTypeName="Sage.Platform.Orm.Entities.BundleSupport.StepsSubFolderContext, Sage.Platform">
                                  <StepsSubFolderContext xmlns:xsi="http://www.w3.org/2001/XMLSchema-instance" xmlns:xsd="http://www.w3.org/2001/XMLSchema">
                                    <ItemId>544b9e46-8363-4164-8470-999840fa83a0primary</ItemId>
                                    <Url>\Entity Model\SalesLogix Application Entities\TicketActivity\OnBeforeInsert.method.xml::Primary Steps</Url>
                                    <BundleItemType>Container</BundleItemType>
                                    <Caption>Primary Steps</Caption>
                                    <ParentUrl>\Entity Model\SalesLogix Application Entities\TicketActivity\OnBeforeInsert.method.xml</ParentUrl>
                                    <CaptionKey>primary</CaptionKey>
                                  </StepsSubFolderContext>
                                  <children>
                                    <bundleItem modelId="a7bdd2d9-93b0-499d-9fd4-c3f7a5f94e28" itemTypeName="Sage.Platform.Orm.Entities.BundleSupport.BusinessRuleStepBundleItem, Sage.Platform">
                                      <BusinessRuleStepBundleItem xmlns:xsi="http://www.w3.org/2001/XMLSchema-instance" xmlns:xsd="http://www.w3.org/2001/XMLSchema">
                                        <ItemId>c32b7cfd-bf50-4233-9c60-5fc110168a64</ItemId>
                                        <Url>\Entity Model\SalesLogix Application Entities\TicketActivity\OnBeforeInsert.method.xml::Primary Steps::OnBeforeInsert</Url>
                                        <BundleItemType>Other</BundleItemType>
                                        <Caption>OnBeforeInsert</Caption>
                                        <SerializationOptions>ProcessDependentUrls</SerializationOptions>
                                        <InstallOptions>ProcessDependentUrls</InstallOptions>
                                      </BusinessRuleStepBundleItem>
                                    </bundleItem>
                                  </children>
                                </bundleItem>
                                <bundleItem modelId="a7bdd2d9-93b0-499d-9fd4-c3f7a5f94e28" itemTypeName="Sage.Platform.Orm.Entities.BundleSupport.StepsSubFolderContext, Sage.Platform">
                                  <StepsSubFolderContext xmlns:xsi="http://www.w3.org/2001/XMLSchema-instance" xmlns:xsd="http://www.w3.org/2001/XMLSchema">
                                    <ItemId>544b9e46-8363-4164-8470-999840fa83a0post</ItemId>
                                    <Url>\Entity Model\SalesLogix Application Entities\TicketActivity\OnBeforeInsert.method.xml::Post Execute Steps</Url>
                                    <BundleItemType>Container</BundleItemType>
                                    <Caption>Post Execute Steps</Caption>
                                    <ParentUrl>\Entity Model\SalesLogix Application Entities\TicketActivity\OnBeforeInsert.method.xml</ParentUrl>
                                    <CaptionKey>post</CaptionKey>
                                  </StepsSubFolderContext>
                                </bundleItem>
                                <bundleItem modelId="a7bdd2d9-93b0-499d-9fd4-c3f7a5f94e28" itemTypeName="Sage.Platform.Orm.Entities.BundleSupport.StepsSubFolderContext, Sage.Platform">
                                  <StepsSubFolderContext xmlns:xsi="http://www.w3.org/2001/XMLSchema-instance" xmlns:xsd="http://www.w3.org/2001/XMLSchema">
                                    <ItemId>544b9e46-8363-4164-8470-999840fa83a0postflush</ItemId>
                                    <Url>\Entity Model\SalesLogix Application Entities\TicketActivity\OnBeforeInsert.method.xml::Post Flush Steps</Url>
                                    <BundleItemType>Container</BundleItemType>
                                    <Caption>Post Flush Steps</Caption>
                                    <ParentUrl>\Entity Model\SalesLogix Application Entities\TicketActivity\OnBeforeInsert.method.xml</ParentUrl>
                                    <CaptionKey>postflush</CaptionKey>
                                  </StepsSubFolderContext>
                                </bundleItem>
                              </children>
                            </bundleItem>
                          </children>
                        </bundleItem>
                      </children>
                    </bundleItem>
                  </children>
                </bundleItem>
              </children>
            </bundleItem>
            <bundleItem modelId="a7bdd2d9-93b0-499d-9fd4-c3f7a5f94e28" itemTypeName="Sage.Platform.Orm.Entities.BundleSupport.RelationshipsContext, Sage.Platform">
              <RelationshipsContext xmlns:xsi="http://www.w3.org/2001/XMLSchema-instance" xmlns:xsd="http://www.w3.org/2001/XMLSchema">
                <ItemId>entitymodel\relationships</ItemId>
                <Url>\::Entity Model::Relationships</Url>
                <BundleItemType>Container</BundleItemType>
                <Caption>Relationships</Caption>
              </RelationshipsContext>
              <children>
                <bundleItem modelId="a7bdd2d9-93b0-499d-9fd4-c3f7a5f94e28" itemTypeName="Sage.Platform.Orm.Entities.BundleSupport.RelationshipBundleItem, Sage.Platform">
                  <RelationshipBundleItem xmlns:xsi="http://www.w3.org/2001/XMLSchema-instance" xmlns:xsd="http://www.w3.org/2001/XMLSchema">
                    <ItemId>46013460-796e-4517-a95f-be4cdeae4797</ItemId>
                    <Url>\Entity Model\Relationships\Ticket.Address.46013460796e4517a95fbe4cdeae4797.relationship.xml</Url>
                    <BundleItemType>ModelItem</BundleItemType>
                    <Caption>Ticket.JobAddress M:1 Address</Caption>
                  </RelationshipBundleItem>
                </bundleItem>
              </children>
            </bundleItem>
          </children>
        </bundleItem>
      </children>
    </bundleItem>
  </bundleItemHierarchy>
  <bundleActionHierarchy>
    <bundleItem modelId="af988c91-97c8-4527-b072-e021c9e2cb1a" itemTypeName="Sage.Platform.BundleModel.RootBundleAction, Sage.Platform.BundleModel">
      <RootBundleAction xmlns:xsi="http://www.w3.org/2001/XMLSchema-instance" xmlns:xsd="http://www.w3.org/2001/XMLSchema">
        <ItemId>\Actions</ItemId>
        <Url>\Actions</Url>
        <BundleItemType>Container</BundleItemType>
        <Caption>Bundle Actions</Caption>
      </RootBundleAction>
    </bundleItem>
  </bundleActionHierarchy>
  <itemsToDelete />
  <globalResources />
</BundleManifest>