<?xml version="1.0"?>
<MobileModule xmlns:xsi="http://www.w3.org/2001/XMLSchema-instance" xmlns:xsd="http://www.w3.org/2001/XMLSchema" id="4e86b588-c933-454e-8205-b60dc1dd0f16">
  <InstanceId>e9c9a84c8d614bd58bf638edef5db699</InstanceId>
  <ModuleTypeName>Sage.Platform.WebPortal.Design.MobileModule, Sage.Platform.WebPortal.Design, Version=8.0.0.8535, Culture=neutral, PublicKeyToken=null</ModuleTypeName>
  <RunInMode />
  <AllowRoles />
  <Scope>Application</Scope>
  <ModuleInfo>
    <Name>AlexFMS</Name>
    <DisplayName>AlexFMS</DisplayName>
    <Description>AlexFMS Mobile Customizations</Description>
    <MajorVersion>1</MajorVersion>
    <MinorVersion>1</MinorVersion>
    <BuildNumber>0</BuildNumber>
    <TargetProduct>saleslogix</TargetProduct>
  </ModuleInfo>
  <ModuleDirName>argos-AlexFMS</ModuleDirName>
  <ModuleRootDir>c:\Projects\AlexFMS\Model\Portal\SlxMobile\SourceFiles\products\</ModuleRootDir>
  <Selected>true</Selected>
</MobileModule>