<?xml version="1.0"?>
<relationship xmlns:xsi="http://www.w3.org/2001/XMLSchema-instance" xmlns:xsd="http://www.w3.org/2001/XMLSchema" id="46013460-796e-4517-a95f-be4cdeae4797" lastModifiedUtc="2013-09-08T20:14:33.9114842Z" cardinality="M:1" parentEntityId="e7a70408-03cb-4667-890b-39de33fb739b" childEntityId="9e78204b-7eab-4274-9137-34e5cd2c3433">
  <extendedMetaData />
  <ExtendedPropertiesCollection>
    <extendee type="Sage.Platform.Orm.Entities.OrmRelationship" />
  </ExtendedPropertiesCollection>
  <parentProperty id="9b622fa7-3848-4c71-8c43-1f7057fce1ca" lastModifiedUtc="2013-09-08T20:14:32.0989842Z" name="JobAddress" audited="false">
    <ExtendedPropertiesCollection>
      <extendee type="Sage.Platform.Orm.Entities.OrmRelationProperty">
        <extender guid="ae60621d-9d91-3d9a-b9fb-eb6c8be12131">
          <OrmEntityPropertySDataExtension generate="true" />
        </extender>
      </extendee>
    </ExtendedPropertiesCollection>
    <SystemDataType guid="2f770d03-c93c-4605-8ae8-7cdae04830d7">
      <RelationshipDataType />
    </SystemDataType>
  </parentProperty>
  <childProperty id="041f0525-cb9f-4c30-bac6-d2961f3f2465" lastModifiedUtc="2013-09-08T20:14:25.8177342Z" name="Ticket" audited="false" include="false">
    <ExtendedPropertiesCollection>
      <extendee type="Sage.Platform.Orm.Entities.OrmRelationProperty">
        <extender guid="ae60621d-9d91-3d9a-b9fb-eb6c8be12131">
          <OrmEntityPropertySDataExtension generate="true" />
        </extender>
      </extendee>
    </ExtendedPropertiesCollection>
    <SystemDataType guid="2f770d03-c93c-4605-8ae8-7cdae04830d7">
      <RelationshipDataType />
    </SystemDataType>
  </childProperty>
  <column>
    <OrmRelationshipColumn id="130e6a37-2686-4cd1-a9fb-dc04a21aacda" parentPropertyId="6abb4460-b0eb-4b76-9ae7-c5663f224330" childPropertyId="0faf2053-895d-41b7-b4c9-f8b48c16e142" ordinal="0" />
  </column>
</relationship>