<?xml version="1.0"?>
<QuickForm xmlns:xsi="http://www.w3.org/2001/XMLSchema-instance" xmlns:xsd="http://www.w3.org/2001/XMLSchema" id="1781379d-f1d5-43ea-abb0-01d5000f19a3" DefinitionType="Sage.Platform.QuickForms.QuickFormMainDetailViewDefinition, Sage.Platform.QuickForms">
  <ActiveControl />
  <ImagePath />
  <LoadActions>
    <FormActionDefinition>
      <ResourceKey>9d11c1b9-5424-440c-8951-46689d492ca2</ResourceKey>
      <Action typeName="Sage.Platform.QuickForms.ActionItems.ValidationActionItem, Sage.Platform.QuickForms">
        <ValidationActionItem>
          <ValidationMethod>CheckForContractIncidents</ValidationMethod>
          <OnFail typeName="Sage.Platform.QuickForms.ActionItems.NoActionActionItem, Sage.Platform.QuickForms">
            <NoActionActionItem>
              <MethodName />
            </NoActionActionItem>
          </OnFail>
          <OnSuccess typeName="Sage.Platform.QuickForms.ActionItems.UIActionItem, Sage.Platform.QuickForms">
            <UIActionItem>
              <MethodName>quickformload0S</MethodName>
              <PropertySettings>
                <PropertySetting>
                  <TargetControlID>lueAccount</TargetControlID>
                  <PropertyName>EnableLookup</PropertyName>
                  <Value>false</Value>
                </PropertySetting>
                <PropertySetting>
                  <TargetControlID>lueContract</TargetControlID>
                  <PropertyName>EnableLookup</PropertyName>
                  <Value>false</Value>
                </PropertySetting>
              </PropertySettings>
            </UIActionItem>
          </OnSuccess>
        </ValidationActionItem>
      </Action>
      <IsDialogCloseAction>False</IsDialogCloseAction>
      <RunOnEveryRePaint>True</RunOnEveryRePaint>
      <DialogActionResult>NoResult</DialogActionResult>
      <PerformsUpdate>False</PerformsUpdate>
      <AppliedSecurity />
      <RefreshData>False</RefreshData>
    </FormActionDefinition>
    <FormActionDefinition>
      <ResourceKey>67ebe1ff-0144-4c05-bb4d-89e9f3c4b0c6</ResourceKey>
      <Action typeName="Sage.Platform.QuickForms.ActionItems.CSharpSnippetActionItem, Sage.Platform.QuickForms">
        <CSharpSnippetActionItem>
          <MethodName>quickformload1</MethodName>
          <CSharpCodeSnippet>
            Sage.Entity.Interfaces.ITicket ticket = (Sage.Entity.Interfaces.ITicket)this.BindingSource.Current;
            cmdPunchInOut.Enabled = true;
            string punchedInUser = ticket.GetOtherUserPunchedIn();
            if (!String.IsNullOrEmpty(punchedInUser))
            {
            cmdPunchInOut.Enabled = false;
            cmdPunchInOut.Text = GetLocalResourceObject("PunchOut_DisplayName").ToString();
            if (DialogService != null)
            {
            DialogService.ShowMessage(String.Format(GetLocalResourceObject("OtherUserPunchedIn_Message").ToString(), ticket.TicketNumber, punchedInUser));
            }
            }
            else if (ticket.IsTicketPunchedIn())
            {
            cmdPunchInOut.Text = GetLocalResourceObject("PunchOut_DisplayName").ToString();
            }
            else
            {
            cmdPunchInOut.Text = GetLocalResourceObject("PunchIn_DisplayName").ToString();
            }
			
			
</CSharpCodeSnippet>
        </CSharpSnippetActionItem>
      </Action>
      <IsDialogCloseAction>False</IsDialogCloseAction>
      <RunOnEveryRePaint>False</RunOnEveryRePaint>
      <DialogActionResult>NoResult</DialogActionResult>
      <PerformsUpdate>False</PerformsUpdate>
      <AppliedSecurity />
      <RefreshData>False</RefreshData>
    </FormActionDefinition>
    <FormActionDefinition>
      <ResourceKey>e5a72901-a6d9-499a-afd6-58e21b03d245</ResourceKey>
      <Action typeName="Sage.Platform.QuickForms.ActionItems.CSharpSnippetActionItem, Sage.Platform.QuickForms">
        <CSharpSnippetActionItem>
          <MethodName>quickformload2</MethodName>
          <CSharpCodeSnippet>// my customization
var ticket = BindingSource.Current as Sage.Entity.Interfaces.ITicket;
txtAddress.Visible = ticket.JobAddress != null;</CSharpCodeSnippet>
        </CSharpSnippetActionItem>
      </Action>
      <IsDialogCloseAction>False</IsDialogCloseAction>
      <RunOnEveryRePaint>True</RunOnEveryRePaint>
      <DialogActionResult>NoResult</DialogActionResult>
      <PerformsUpdate>False</PerformsUpdate>
      <AppliedSecurity />
      <RefreshData>False</RefreshData>
    </FormActionDefinition>
  </LoadActions>
  <Name>TicketDetails</Name>
  <ClientScriptIncludes />
  <ClientResourceKeys />
  <ExtendedProperties />
  <HelpFile />
  <ReadOnly>false</ReadOnly>
  <GeneratePrintView>true</GeneratePrintView>
  <Controls>
    <Control typeName="Sage.SalesLogix.QuickForms.QFControls.QFSLXLookup, Sage.SalesLogix.QuickForms.QFControls">
      <QFSLXLookup>
        <Column>0</Column>
        <Row>0</Row>
        <HotKey>0</HotKey>
        <TabIndex>0</TabIndex>
        <ControlId>lueAccount</ControlId>
        <DataBindings>
          <QuickFormPropertyDataBindingDefinition>
            <DataSourceID>MainEntity</DataSourceID>
            <DataItemName>Account</DataItemName>
            <ControlItemName>LookupResultValue</ControlItemName>
            <FormatString />
            <NullValueString>null</NullValueString>
          </QuickFormPropertyDataBindingDefinition>
        </DataBindings>
        <ControlLabelPlacement>left</ControlLabelPlacement>
        <ExtendedProperties />
        <CaptionAlignment>left</CaptionAlignment>
        <StyleScheme />
        <OnChangeAction>
          <ResourceKey>lueAccount</ResourceKey>
          <Action typeName="Sage.Platform.QuickForms.ActionItems.BusinessRuleActionItem, Sage.Platform.QuickForms">
            <BusinessRuleActionItem>
              <BusinessRule>OnAccountChanged</BusinessRule>
              <Object>Ticket</Object>
              <Parameters />
              <PassResultsToNextAction>False</PassResultsToNextAction>
              <OnComplete typeName="Sage.Platform.QuickForms.ActionItems.NoActionActionItem, Sage.Platform.QuickForms">
                <NoActionActionItem>
                  <MethodName />
                </NoActionActionItem>
              </OnComplete>
            </BusinessRuleActionItem>
          </Action>
          <IsDialogCloseAction>False</IsDialogCloseAction>
          <RunOnEveryRePaint>False</RunOnEveryRePaint>
          <DialogActionResult>NoResult</DialogActionResult>
          <PerformsUpdate>False</PerformsUpdate>
          <AppliedSecurity />
          <RefreshData>False</RefreshData>
        </OnChangeAction>
        <Required>false</Required>
        <LookupImage />
        <LookupDialogWidth xsi:nil="true" />
        <LookupDialogHeight xsi:nil="true" />
        <LookupBindingMode>Object</LookupBindingMode>
        <LookupResultValue xsi:type="xsd:string" />
        <SeedProperty />
        <SeedValue />
        <DropDownDisplayProperty />
        <AllowClearingResult>false</AllowClearingResult>
        <AppendStringValues>false</AppendStringValues>
        <OverrideSeedOnSearch>false</OverrideSeedOnSearch>
        <LookupEntityName>Account</LookupEntityName>
        <LookupEntityTypeName>Sage.SalesLogix.Entities.Account, Sage.SalesLogix.Entities</LookupEntityTypeName>
        <AutoPostBack>true</AutoPostBack>
        <EnableHyperLinking>true</EnableHyperLinking>
        <InitializeLookup>false</InitializeLookup>
        <LookupProperties>
          <LookupProperty>
            <PropertyName>AccountName</PropertyName>
            <PropertyType>System.String</PropertyType>
            <PropertyHeader>Account</PropertyHeader>
            <PropertyFormat>None</PropertyFormat>
            <PropertyFormatString />
            <UseAsResult>true</UseAsResult>
            <ExcludeFromFilters>false</ExcludeFromFilters>
            <IsSortable>true</IsSortable>
            <HideCondition />
          </LookupProperty>
          <LookupProperty>
            <PropertyName>Address.City</PropertyName>
            <PropertyType>System.String</PropertyType>
            <PropertyHeader>City</PropertyHeader>
            <PropertyFormat>None</PropertyFormat>
            <PropertyFormatString />
            <UseAsResult>true</UseAsResult>
            <ExcludeFromFilters>false</ExcludeFromFilters>
            <IsSortable>true</IsSortable>
            <HideCondition />
          </LookupProperty>
          <LookupProperty>
            <PropertyName>Address.State</PropertyName>
            <PropertyType>System.String</PropertyType>
            <PropertyHeader>State</PropertyHeader>
            <PropertyFormat>None</PropertyFormat>
            <PropertyFormatString />
            <UseAsResult>true</UseAsResult>
            <ExcludeFromFilters>false</ExcludeFromFilters>
            <IsSortable>true</IsSortable>
            <HideCondition />
          </LookupProperty>
          <LookupProperty>
            <PropertyName>MainPhone</PropertyName>
            <PropertyType>System.String</PropertyType>
            <PropertyHeader>Main Phone</PropertyHeader>
            <PropertyFormat>Phone</PropertyFormat>
            <PropertyFormatString />
            <UseAsResult>true</UseAsResult>
            <ExcludeFromFilters>false</ExcludeFromFilters>
            <IsSortable>true</IsSortable>
            <HideCondition />
          </LookupProperty>
          <LookupProperty>
            <PropertyName>Type</PropertyName>
            <PropertyType>System.String</PropertyType>
            <PropertyHeader>Type</PropertyHeader>
            <PropertyFormat>None</PropertyFormat>
            <PropertyFormatString />
            <UseAsResult>true</UseAsResult>
            <ExcludeFromFilters>false</ExcludeFromFilters>
            <IsSortable>true</IsSortable>
            <HideCondition />
          </LookupProperty>
          <LookupProperty>
            <PropertyName>SubType</PropertyName>
            <PropertyType>System.String</PropertyType>
            <PropertyHeader>Sub-Type</PropertyHeader>
            <PropertyFormat>None</PropertyFormat>
            <PropertyFormatString />
            <UseAsResult>true</UseAsResult>
            <ExcludeFromFilters>false</ExcludeFromFilters>
            <IsSortable>true</IsSortable>
            <HideCondition />
          </LookupProperty>
          <LookupProperty>
            <PropertyName>Status</PropertyName>
            <PropertyType>System.String</PropertyType>
            <PropertyHeader>Status</PropertyHeader>
            <PropertyFormat>None</PropertyFormat>
            <PropertyFormatString />
            <UseAsResult>true</UseAsResult>
            <ExcludeFromFilters>false</ExcludeFromFilters>
            <IsSortable>true</IsSortable>
            <HideCondition />
          </LookupProperty>
          <LookupProperty>
            <PropertyName>AccountManager.UserInfo.UserName</PropertyName>
            <PropertyType>System.String</PropertyType>
            <PropertyHeader>Acct. Manager</PropertyHeader>
            <PropertyFormat>None</PropertyFormat>
            <PropertyFormatString />
            <UseAsResult>true</UseAsResult>
            <ExcludeFromFilters>false</ExcludeFromFilters>
            <IsSortable>true</IsSortable>
            <HideCondition />
          </LookupProperty>
          <LookupProperty>
            <PropertyName>Owner.OwnerDescription</PropertyName>
            <PropertyType>System.String</PropertyType>
            <PropertyHeader>Owner</PropertyHeader>
            <PropertyFormat>None</PropertyFormat>
            <PropertyFormatString />
            <UseAsResult>true</UseAsResult>
            <ExcludeFromFilters>false</ExcludeFromFilters>
            <IsSortable>true</IsSortable>
            <HideCondition />
          </LookupProperty>
        </LookupProperties>
        <LookupPreFilters />
      </QFSLXLookup>
    </Control>
    <Control typeName="Sage.SalesLogix.QuickForms.QFControls.QFSLXLookup, Sage.SalesLogix.QuickForms.QFControls">
      <QFSLXLookup>
        <Column>0</Column>
        <Row>1</Row>
        <HotKey>0</HotKey>
        <TabIndex>0</TabIndex>
        <ControlId>lueContact</ControlId>
        <DataBindings>
          <QuickFormPropertyDataBindingDefinition>
            <DataSourceID>MainEntity</DataSourceID>
            <DataItemName>Contact</DataItemName>
            <ControlItemName>LookupResultValue</ControlItemName>
            <FormatString />
            <NullValueString>null</NullValueString>
          </QuickFormPropertyDataBindingDefinition>
          <QuickFormPropertyDataBindingDefinition>
            <DataSourceID>MainEntity</DataSourceID>
            <DataItemName>Account.Id</DataItemName>
            <ControlItemName>SeedValue</ControlItemName>
            <FormatString />
            <NullValueString />
          </QuickFormPropertyDataBindingDefinition>
        </DataBindings>
        <ControlLabelPlacement>left</ControlLabelPlacement>
        <ExtendedProperties />
        <CaptionAlignment>left</CaptionAlignment>
        <StyleScheme />
        <OnChangeAction>
          <ResourceKey>lueContact</ResourceKey>
          <Action typeName="Sage.Platform.QuickForms.ActionItems.NoActionActionItem, Sage.Platform.QuickForms">
            <NoActionActionItem>
              <MethodName />
            </NoActionActionItem>
          </Action>
          <IsDialogCloseAction>False</IsDialogCloseAction>
          <RunOnEveryRePaint>False</RunOnEveryRePaint>
          <DialogActionResult>NoResult</DialogActionResult>
          <PerformsUpdate>False</PerformsUpdate>
          <AppliedSecurity />
          <RefreshData>False</RefreshData>
        </OnChangeAction>
        <Required>false</Required>
        <LookupImage />
        <LookupDialogWidth xsi:nil="true" />
        <LookupDialogHeight xsi:nil="true" />
        <LookupBindingMode>Object</LookupBindingMode>
        <LookupResultValue xsi:type="xsd:string" />
        <SeedProperty>Account.Id</SeedProperty>
        <SeedValue />
        <DropDownDisplayProperty />
        <AllowClearingResult>false</AllowClearingResult>
        <AppendStringValues>false</AppendStringValues>
        <OverrideSeedOnSearch>false</OverrideSeedOnSearch>
        <LookupEntityName>Contact</LookupEntityName>
        <LookupEntityTypeName>Sage.SalesLogix.Entities.Contact, Sage.SalesLogix.Entities</LookupEntityTypeName>
        <AutoPostBack>true</AutoPostBack>
        <EnableHyperLinking>true</EnableHyperLinking>
        <InitializeLookup>false</InitializeLookup>
        <LookupProperties>
          <LookupProperty>
            <PropertyName>NameLF</PropertyName>
            <PropertyType />
            <PropertyHeader>Name</PropertyHeader>
            <PropertyFormat>None</PropertyFormat>
            <PropertyFormatString />
            <UseAsResult>true</UseAsResult>
            <ExcludeFromFilters>false</ExcludeFromFilters>
            <IsSortable>true</IsSortable>
            <HideCondition />
          </LookupProperty>
          <LookupProperty>
            <PropertyName>AccountName</PropertyName>
            <PropertyType />
            <PropertyHeader>Account</PropertyHeader>
            <PropertyFormat>None</PropertyFormat>
            <PropertyFormatString />
            <UseAsResult>true</UseAsResult>
            <ExcludeFromFilters>false</ExcludeFromFilters>
            <IsSortable>true</IsSortable>
            <HideCondition />
          </LookupProperty>
          <LookupProperty>
            <PropertyName>Address.City</PropertyName>
            <PropertyType />
            <PropertyHeader>City</PropertyHeader>
            <PropertyFormat>None</PropertyFormat>
            <PropertyFormatString />
            <UseAsResult>true</UseAsResult>
            <ExcludeFromFilters>false</ExcludeFromFilters>
            <IsSortable>true</IsSortable>
            <HideCondition />
          </LookupProperty>
          <LookupProperty>
            <PropertyName>Address.State</PropertyName>
            <PropertyType />
            <PropertyHeader>State</PropertyHeader>
            <PropertyFormat>None</PropertyFormat>
            <PropertyFormatString />
            <UseAsResult>true</UseAsResult>
            <ExcludeFromFilters>false</ExcludeFromFilters>
            <IsSortable>true</IsSortable>
            <HideCondition />
          </LookupProperty>
          <LookupProperty>
            <PropertyName>WorkPhone</PropertyName>
            <PropertyType />
            <PropertyHeader>Work Phone</PropertyHeader>
            <PropertyFormat>Phone</PropertyFormat>
            <PropertyFormatString />
            <UseAsResult>true</UseAsResult>
            <ExcludeFromFilters>false</ExcludeFromFilters>
            <IsSortable>true</IsSortable>
            <HideCondition />
          </LookupProperty>
          <LookupProperty>
            <PropertyName>Email</PropertyName>
            <PropertyType />
            <PropertyHeader>E-mail</PropertyHeader>
            <PropertyFormat>None</PropertyFormat>
            <PropertyFormatString />
            <UseAsResult>true</UseAsResult>
            <ExcludeFromFilters>false</ExcludeFromFilters>
            <IsSortable>true</IsSortable>
            <HideCondition />
          </LookupProperty>
        </LookupProperties>
        <LookupPreFilters />
      </QFSLXLookup>
    </Control>
    <Control typeName="Sage.SalesLogix.QuickForms.QFControls.QFSLXPhone, Sage.SalesLogix.QuickForms.QFControls">
      <QFSLXPhone>
        <Column>0</Column>
        <Row>2</Row>
        <IsReadOnly>true</IsReadOnly>
        <HotKey>0</HotKey>
        <TabIndex>0</TabIndex>
        <ControlId>phnWorkPhone</ControlId>
        <DataBindings>
          <QuickFormPropertyDataBindingDefinition>
            <DataSourceID>MainEntity</DataSourceID>
            <DataItemName>Contact.WorkPhone</DataItemName>
            <ControlItemName>Text</ControlItemName>
            <FormatString />
            <NullValueString />
          </QuickFormPropertyDataBindingDefinition>
        </DataBindings>
        <ControlLabelPlacement>left</ControlLabelPlacement>
        <ExtendedProperties />
        <CaptionAlignment>left</CaptionAlignment>
        <StyleScheme />
        <MaxLength>32</MaxLength>
        <OnChangeAction>
          <ResourceKey>phnWorkPhone</ResourceKey>
          <Action typeName="Sage.Platform.QuickForms.ActionItems.NoActionActionItem, Sage.Platform.QuickForms">
            <NoActionActionItem>
              <MethodName />
            </NoActionActionItem>
          </Action>
          <IsDialogCloseAction>False</IsDialogCloseAction>
          <RunOnEveryRePaint>False</RunOnEveryRePaint>
          <DialogActionResult>NoResult</DialogActionResult>
          <PerformsUpdate>False</PerformsUpdate>
          <AppliedSecurity />
          <RefreshData>False</RefreshData>
        </OnChangeAction>
        <Required>false</Required>
      </QFSLXPhone>
    </Control>
    <Control typeName="Sage.SalesLogix.QuickForms.QFControls.QFSLXEmail, Sage.SalesLogix.QuickForms.QFControls">
      <QFSLXEmail>
        <Column>0</Column>
        <Row>3</Row>
        <IsReadOnly>true</IsReadOnly>
        <HotKey>0</HotKey>
        <TabIndex>0</TabIndex>
        <ControlId>emlEmail</ControlId>
        <DataBindings>
          <QuickFormPropertyDataBindingDefinition>
            <DataSourceID>MainEntity</DataSourceID>
            <DataItemName>Contact.Email</DataItemName>
            <ControlItemName>Text</ControlItemName>
            <FormatString />
            <NullValueString />
          </QuickFormPropertyDataBindingDefinition>
        </DataBindings>
        <ControlLabelPlacement>left</ControlLabelPlacement>
        <ExtendedProperties />
        <CaptionAlignment>left</CaptionAlignment>
        <StyleScheme />
        <MaxLength>128</MaxLength>
        <OnChangeAction>
          <ResourceKey>emlEmail</ResourceKey>
          <Action typeName="Sage.Platform.QuickForms.ActionItems.NoActionActionItem, Sage.Platform.QuickForms">
            <NoActionActionItem>
              <MethodName />
            </NoActionActionItem>
          </Action>
          <IsDialogCloseAction>False</IsDialogCloseAction>
          <RunOnEveryRePaint>False</RunOnEveryRePaint>
          <DialogActionResult>NoResult</DialogActionResult>
          <PerformsUpdate>False</PerformsUpdate>
          <AppliedSecurity />
          <RefreshData>False</RefreshData>
        </OnChangeAction>
        <Required>false</Required>
      </QFSLXEmail>
    </Control>
    <Control typeName="Sage.SalesLogix.QuickForms.QFControls.QFSLXLookup, Sage.SalesLogix.QuickForms.QFControls">
      <QFSLXLookup>
        <Column>0</Column>
        <Row>4</Row>
        <HotKey>0</HotKey>
        <TabIndex>0</TabIndex>
        <ControlId>lueContract</ControlId>
        <DataBindings>
          <QuickFormPropertyDataBindingDefinition>
            <DataSourceID>MainEntity</DataSourceID>
            <DataItemName>Contract</DataItemName>
            <ControlItemName>LookupResultValue</ControlItemName>
            <FormatString />
            <NullValueString>null</NullValueString>
          </QuickFormPropertyDataBindingDefinition>
          <QuickFormPropertyDataBindingDefinition>
            <DataSourceID>MainEntity</DataSourceID>
            <DataItemName>Account.Id</DataItemName>
            <ControlItemName>SeedValue</ControlItemName>
            <FormatString />
            <NullValueString />
          </QuickFormPropertyDataBindingDefinition>
        </DataBindings>
        <ControlLabelPlacement>left</ControlLabelPlacement>
        <ExtendedProperties />
        <CaptionAlignment>left</CaptionAlignment>
        <StyleScheme />
        <OnChangeAction>
          <ResourceKey>lueContract</ResourceKey>
          <Action typeName="Sage.Platform.QuickForms.ActionItems.BusinessRuleActionItem, Sage.Platform.QuickForms">
            <BusinessRuleActionItem>
              <BusinessRule>ValidateAssignedContract</BusinessRule>
              <Object>Ticket</Object>
              <Parameters />
              <PassResultsToNextAction>False</PassResultsToNextAction>
              <OnComplete typeName="Sage.Platform.QuickForms.ActionItems.MessageActionItem, Sage.Platform.QuickForms">
                <MessageActionItem>
                  <MethodName>lueContract_ChangeActionBRC</MethodName>
                  <ResourceKey>f12baac1-873a-4872-80ca-c1a74333f703</ResourceKey>
                </MessageActionItem>
              </OnComplete>
            </BusinessRuleActionItem>
          </Action>
          <IsDialogCloseAction>False</IsDialogCloseAction>
          <RunOnEveryRePaint>False</RunOnEveryRePaint>
          <DialogActionResult>NoResult</DialogActionResult>
          <PerformsUpdate>False</PerformsUpdate>
          <AppliedSecurity />
          <RefreshData>False</RefreshData>
        </OnChangeAction>
        <Required>false</Required>
        <LookupImage />
        <LookupDialogWidth xsi:nil="true" />
        <LookupDialogHeight xsi:nil="true" />
        <LookupBindingMode>Object</LookupBindingMode>
        <LookupResultValue xsi:type="xsd:string" />
        <SeedProperty>Account.Id</SeedProperty>
        <SeedValue>Account.Id</SeedValue>
        <DropDownDisplayProperty />
        <AllowClearingResult>false</AllowClearingResult>
        <AppendStringValues>false</AppendStringValues>
        <OverrideSeedOnSearch>false</OverrideSeedOnSearch>
        <LookupEntityName>Contract</LookupEntityName>
        <LookupEntityTypeName>Sage.SalesLogix.Entities.Contract, Sage.SalesLogix.Entities</LookupEntityTypeName>
        <AutoPostBack>true</AutoPostBack>
        <EnableHyperLinking>true</EnableHyperLinking>
        <InitializeLookup>false</InitializeLookup>
        <LookupProperties>
          <LookupProperty>
            <PropertyName>ReferenceNumber</PropertyName>
            <PropertyType />
            <PropertyHeader>Reference</PropertyHeader>
            <PropertyFormat>None</PropertyFormat>
            <PropertyFormatString />
            <UseAsResult>true</UseAsResult>
            <ExcludeFromFilters>false</ExcludeFromFilters>
            <IsSortable>true</IsSortable>
            <HideCondition />
          </LookupProperty>
          <LookupProperty>
            <PropertyName>ServiceCode</PropertyName>
            <PropertyType>SalesLogix.PickList</PropertyType>
            <PropertyHeader>Service Code</PropertyHeader>
            <PropertyFormat>PickList</PropertyFormat>
            <PropertyFormatString />
            <UseAsResult>true</UseAsResult>
            <ExcludeFromFilters>false</ExcludeFromFilters>
            <IsSortable>true</IsSortable>
            <HideCondition />
          </LookupProperty>
          <LookupProperty>
            <PropertyName>TypeCode</PropertyName>
            <PropertyType>SalesLogix.PickList</PropertyType>
            <PropertyHeader>Type</PropertyHeader>
            <PropertyFormat>PickList</PropertyFormat>
            <PropertyFormatString />
            <UseAsResult>true</UseAsResult>
            <ExcludeFromFilters>false</ExcludeFromFilters>
            <IsSortable>true</IsSortable>
            <HideCondition />
          </LookupProperty>
          <LookupProperty>
            <PropertyName>Remaining</PropertyName>
            <PropertyType />
            <PropertyHeader>Remaining</PropertyHeader>
            <PropertyFormat>None</PropertyFormat>
            <PropertyFormatString />
            <UseAsResult>true</UseAsResult>
            <ExcludeFromFilters>true</ExcludeFromFilters>
            <IsSortable>true</IsSortable>
            <HideCondition />
          </LookupProperty>
          <LookupProperty>
            <PropertyName>StartDate</PropertyName>
            <PropertyType>System.DateTime</PropertyType>
            <PropertyHeader>Start Date</PropertyHeader>
            <PropertyFormat>DateTime</PropertyFormat>
            <PropertyFormatString />
            <UseAsResult>true</UseAsResult>
            <ExcludeFromFilters>true</ExcludeFromFilters>
            <IsSortable>true</IsSortable>
            <HideCondition />
          </LookupProperty>
          <LookupProperty>
            <PropertyName>EndingDate</PropertyName>
            <PropertyType>System.DateTime</PropertyType>
            <PropertyHeader>End Date</PropertyHeader>
            <PropertyFormat>DateTime</PropertyFormat>
            <PropertyFormatString />
            <UseAsResult>true</UseAsResult>
            <ExcludeFromFilters>true</ExcludeFromFilters>
            <IsSortable>true</IsSortable>
            <HideCondition />
          </LookupProperty>
        </LookupProperties>
        <LookupPreFilters />
      </QFSLXLookup>
    </Control>
    <Control typeName="Sage.SalesLogix.QuickForms.QFControls.QFSLXLookup, Sage.SalesLogix.QuickForms.QFControls">
      <QFSLXLookup>
        <Column>0</Column>
        <Row>5</Row>
        <HotKey>0</HotKey>
        <TabIndex>0</TabIndex>
        <ControlId>lueAddress</ControlId>
        <DataBindings>
          <QuickFormPropertyDataBindingDefinition>
            <DataSourceID>MainEntity</DataSourceID>
            <DataItemName>JobAddress</DataItemName>
            <ControlItemName>LookupResultValue</ControlItemName>
            <FormatString />
            <NullValueString />
          </QuickFormPropertyDataBindingDefinition>
          <QuickFormPropertyDataBindingDefinition>
            <DataSourceID>MainEntity</DataSourceID>
            <DataItemName>Contact.Id</DataItemName>
            <ControlItemName>SeedValue</ControlItemName>
            <FormatString />
            <NullValueString />
          </QuickFormPropertyDataBindingDefinition>
        </DataBindings>
        <ControlLabelPlacement>left</ControlLabelPlacement>
        <ExtendedProperties />
        <CaptionAlignment>left</CaptionAlignment>
        <StyleScheme />
        <OnChangeAction>
          <ResourceKey>lueAddress</ResourceKey>
          <Action typeName="Sage.Platform.QuickForms.ActionItems.NoActionActionItem, Sage.Platform.QuickForms">
            <NoActionActionItem>
              <MethodName />
            </NoActionActionItem>
          </Action>
          <IsDialogCloseAction>False</IsDialogCloseAction>
          <RunOnEveryRePaint>False</RunOnEveryRePaint>
          <DialogActionResult>NoResult</DialogActionResult>
          <PerformsUpdate>False</PerformsUpdate>
          <AppliedSecurity />
          <RefreshData>False</RefreshData>
        </OnChangeAction>
        <Required>false</Required>
        <LookupImage />
        <LookupDialogWidth xsi:nil="true" />
        <LookupDialogHeight xsi:nil="true" />
        <LookupBindingMode>Object</LookupBindingMode>
        <LookupResultValue xsi:type="xsd:string" />
        <SeedProperty>EntityId</SeedProperty>
        <SeedValue />
        <DropDownDisplayProperty>FullAddress</DropDownDisplayProperty>
        <AllowClearingResult>false</AllowClearingResult>
        <AppendStringValues>false</AppendStringValues>
        <OverrideSeedOnSearch>false</OverrideSeedOnSearch>
        <LookupEntityName>Address</LookupEntityName>
        <LookupEntityTypeName>Sage.Entity.Interfaces.IAddress, Sage.Entity.Interfaces, Version=0.0.0.0, Culture=neutral, PublicKeyToken=null</LookupEntityTypeName>
        <AutoPostBack>false</AutoPostBack>
        <EnableHyperLinking>false</EnableHyperLinking>
        <InitializeLookup>true</InitializeLookup>
        <LookupProperties>
          <LookupProperty>
            <PropertyName>Address1</PropertyName>
            <PropertyType>System.String</PropertyType>
            <PropertyHeader>Address1 (Address 1)</PropertyHeader>
            <PropertyFormat>None</PropertyFormat>
            <PropertyFormatString />
            <UseAsResult>true</UseAsResult>
            <ExcludeFromFilters>false</ExcludeFromFilters>
            <IsSortable>true</IsSortable>
            <HideCondition />
          </LookupProperty>
          <LookupProperty>
            <PropertyName>Address2</PropertyName>
            <PropertyType>System.String</PropertyType>
            <PropertyHeader>Address2 (Address 2)</PropertyHeader>
            <PropertyFormat>None</PropertyFormat>
            <PropertyFormatString />
            <UseAsResult>true</UseAsResult>
            <ExcludeFromFilters>false</ExcludeFromFilters>
            <IsSortable>true</IsSortable>
            <HideCondition />
          </LookupProperty>
          <LookupProperty>
            <PropertyName>City</PropertyName>
            <PropertyType>System.String</PropertyType>
            <PropertyHeader>City</PropertyHeader>
            <PropertyFormat>None</PropertyFormat>
            <PropertyFormatString />
            <UseAsResult>true</UseAsResult>
            <ExcludeFromFilters>false</ExcludeFromFilters>
            <IsSortable>true</IsSortable>
            <HideCondition />
          </LookupProperty>
          <LookupProperty>
            <PropertyName>State</PropertyName>
            <PropertyType>System.String</PropertyType>
            <PropertyHeader>State</PropertyHeader>
            <PropertyFormat>None</PropertyFormat>
            <PropertyFormatString />
            <UseAsResult>true</UseAsResult>
            <ExcludeFromFilters>false</ExcludeFromFilters>
            <IsSortable>true</IsSortable>
            <HideCondition />
          </LookupProperty>
          <LookupProperty>
            <PropertyName>PostalCode</PropertyName>
            <PropertyType>System.String</PropertyType>
            <PropertyHeader>PostalCode (Postal Code)</PropertyHeader>
            <PropertyFormat>None</PropertyFormat>
            <PropertyFormatString />
            <UseAsResult>true</UseAsResult>
            <ExcludeFromFilters>false</ExcludeFromFilters>
            <IsSortable>true</IsSortable>
            <HideCondition />
          </LookupProperty>
        </LookupProperties>
        <LookupPreFilters />
      </QFSLXLookup>
    </Control>
    <Control typeName="Sage.Platform.QuickForms.Controls.QFTextBox, Sage.Platform.QuickForms">
      <QFTextBox>
        <Column>0</Column>
        <Row>6</Row>
        <Enabled>false</Enabled>
        <HotKey>0</HotKey>
        <TabIndex>0</TabIndex>
        <ControlId>txtAddress</ControlId>
        <DataBindings>
          <QuickFormPropertyDataBindingDefinition>
            <DataSourceID>MainEntity</DataSourceID>
            <DataItemName>JobAddress.FullAddress</DataItemName>
            <ControlItemName>Text</ControlItemName>
            <FormatString />
            <NullValueString />
          </QuickFormPropertyDataBindingDefinition>
        </DataBindings>
        <ControlLabelPlacement>left</ControlLabelPlacement>
        <ExtendedProperties />
        <CaptionAlignment>left</CaptionAlignment>
        <StyleScheme />
        <Lines>4</Lines>
        <OnChangeAction>
          <ResourceKey>txtAddress</ResourceKey>
          <Action typeName="Sage.Platform.QuickForms.ActionItems.NoActionActionItem, Sage.Platform.QuickForms">
            <NoActionActionItem>
              <MethodName />
            </NoActionActionItem>
          </Action>
          <IsDialogCloseAction>False</IsDialogCloseAction>
          <RunOnEveryRePaint>False</RunOnEveryRePaint>
          <DialogActionResult>NoResult</DialogActionResult>
          <PerformsUpdate>False</PerformsUpdate>
          <AppliedSecurity />
          <RefreshData>False</RefreshData>
        </OnChangeAction>
        <Required>false</Required>
      </QFTextBox>
    </Control>
    <Control typeName="Sage.SalesLogix.QuickForms.QFControls.QFSLXDependencyLookup, Sage.SalesLogix.QuickForms.QFControls">
      <QFSLXDependencyLookup>
        <RowSpan>3</RowSpan>
        <Column>1</Column>
        <Row>0</Row>
        <HotKey>0</HotKey>
        <TabIndex>0</TabIndex>
        <ControlId>dplArea</ControlId>
        <DataBindings>
          <QuickFormPropertyDataBindingDefinition>
            <DataSourceID>MainEntity</DataSourceID>
            <DataItemName>Area</DataItemName>
            <ControlItemName>Text</ControlItemName>
            <FormatString />
            <NullValueString>null</NullValueString>
          </QuickFormPropertyDataBindingDefinition>
        </DataBindings>
        <ControlLabelPlacement>none</ControlLabelPlacement>
        <ExtendedProperties />
        <CaptionAlignment>left</CaptionAlignment>
        <StyleScheme />
        <OnChangeAction>
          <ResourceKey>dplArea</ResourceKey>
          <Action typeName="Sage.Platform.QuickForms.ActionItems.NoActionActionItem, Sage.Platform.QuickForms">
            <NoActionActionItem>
              <MethodName />
            </NoActionActionItem>
          </Action>
          <IsDialogCloseAction>False</IsDialogCloseAction>
          <RunOnEveryRePaint>False</RunOnEveryRePaint>
          <DialogActionResult>NoResult</DialogActionResult>
          <PerformsUpdate>False</PerformsUpdate>
          <AppliedSecurity />
          <RefreshData>False</RefreshData>
        </OnChangeAction>
        <Required>false</Required>
        <AutoPostBack>false</AutoPostBack>
        <DependentLookups>
          <DependencyLookup>
            <PropertyDisplay>Area:</PropertyDisplay>
            <LookupEntityName>IAreaCategoryIssue</LookupEntityName>
            <LookupEntityTypeName>Sage.Entity.Interfaces.IAreaCategoryIssue, Sage.Entity.Interfaces, Version=0.0.0.0, Culture=neutral, PublicKeyToken=null</LookupEntityTypeName>
            <DropDownDisplayProperty>Area</DropDownDisplayProperty>
            <ParentProperty />
            <BindingPropertyName>Area</BindingPropertyName>
          </DependencyLookup>
          <DependencyLookup>
            <PropertyDisplay>Category:</PropertyDisplay>
            <LookupEntityName>IAreaCategoryIssue</LookupEntityName>
            <LookupEntityTypeName>Sage.Entity.Interfaces.IAreaCategoryIssue, Sage.Entity.Interfaces, Version=0.0.0.0, Culture=neutral, PublicKeyToken=null</LookupEntityTypeName>
            <DropDownDisplayProperty>Category</DropDownDisplayProperty>
            <ParentProperty>Area</ParentProperty>
            <BindingPropertyName>Category</BindingPropertyName>
          </DependencyLookup>
          <DependencyLookup>
            <PropertyDisplay>Issue:</PropertyDisplay>
            <LookupEntityName>IAreaCategoryIssue</LookupEntityName>
            <LookupEntityTypeName>Sage.Entity.Interfaces.IAreaCategoryIssue, Sage.Entity.Interfaces, Version=0.0.0.0, Culture=neutral, PublicKeyToken=null</LookupEntityTypeName>
            <DropDownDisplayProperty>Issue</DropDownDisplayProperty>
            <ParentProperty>Category</ParentProperty>
            <BindingPropertyName>Issue</BindingPropertyName>
          </DependencyLookup>
        </DependentLookups>
        <LookupPreFilters>
          <LookupPreFilter>
            <LookupEntityName>IAreaCategoryIssue</LookupEntityName>
            <PropertyType>System.Boolean</PropertyType>
            <OperatorCode>=</OperatorCode>
            <PickListName />
            <PropertyName>Ticket</PropertyName>
            <FilterValue>True</FilterValue>
          </LookupPreFilter>
        </LookupPreFilters>
      </QFSLXDependencyLookup>
    </Control>
    <Control typeName="Sage.SalesLogix.QuickForms.QFControls.QFSLXLookup, Sage.SalesLogix.QuickForms.QFControls">
      <QFSLXLookup>
        <Column>1</Column>
        <Row>3</Row>
        <HotKey>0</HotKey>
        <TabIndex>0</TabIndex>
        <ControlId>lveUrgency</ControlId>
        <DataBindings>
          <QuickFormPropertyDataBindingDefinition>
            <DataSourceID>MainEntity</DataSourceID>
            <DataItemName>Urgency</DataItemName>
            <ControlItemName>LookupResultValue</ControlItemName>
            <FormatString />
            <NullValueString>null</NullValueString>
          </QuickFormPropertyDataBindingDefinition>
        </DataBindings>
        <ControlLabelPlacement>left</ControlLabelPlacement>
        <ExtendedProperties />
        <CaptionAlignment>left</CaptionAlignment>
        <StyleScheme />
        <OnChangeAction>
          <ResourceKey>lveUrgency</ResourceKey>
          <Action typeName="Sage.Platform.QuickForms.ActionItems.NoActionActionItem, Sage.Platform.QuickForms">
            <NoActionActionItem>
              <MethodName />
            </NoActionActionItem>
          </Action>
          <IsDialogCloseAction>False</IsDialogCloseAction>
          <RunOnEveryRePaint>False</RunOnEveryRePaint>
          <DialogActionResult>NoResult</DialogActionResult>
          <PerformsUpdate>False</PerformsUpdate>
          <AppliedSecurity />
          <RefreshData>False</RefreshData>
        </OnChangeAction>
        <Required>false</Required>
        <LookupImage />
        <LookupDialogWidth xsi:nil="true" />
        <LookupDialogHeight xsi:nil="true" />
        <LookupDisplayMode>DropDownList</LookupDisplayMode>
        <LookupBindingMode>Object</LookupBindingMode>
        <LookupResultValue xsi:type="xsd:string" />
        <SeedProperty />
        <SeedValue />
        <DropDownDisplayProperty>Description</DropDownDisplayProperty>
        <AddEmptyListItem>false</AddEmptyListItem>
        <AllowClearingResult>false</AllowClearingResult>
        <AppendStringValues>false</AppendStringValues>
        <OverrideSeedOnSearch>false</OverrideSeedOnSearch>
        <LookupEntityName>Urgency</LookupEntityName>
        <LookupEntityTypeName>Sage.SalesLogix.Entities.Urgency, Sage.SalesLogix.Entities</LookupEntityTypeName>
        <AutoPostBack>true</AutoPostBack>
        <EnableHyperLinking>false</EnableHyperLinking>
        <InitializeLookup>false</InitializeLookup>
        <LookupProperties>
          <LookupProperty>
            <PropertyName>Description</PropertyName>
            <PropertyType />
            <PropertyHeader />
            <PropertyFormat>None</PropertyFormat>
            <PropertyFormatString />
            <UseAsResult>true</UseAsResult>
            <ExcludeFromFilters>false</ExcludeFromFilters>
            <IsSortable>true</IsSortable>
            <HideCondition />
          </LookupProperty>
        </LookupProperties>
        <LookupPreFilters />
      </QFSLXLookup>
    </Control>
    <Control typeName="Sage.SalesLogix.QuickForms.QFControls.QFDateTimePicker, Sage.SalesLogix.QuickForms.QFControls">
      <QFDateTimePicker>
        <Column>1</Column>
        <Row>4</Row>
        <HotKey>0</HotKey>
        <TabIndex>0</TabIndex>
        <ControlId>dtpNeededByDate</ControlId>
        <DataBindings>
          <QuickFormPropertyDataBindingDefinition>
            <DataSourceID>MainEntity</DataSourceID>
            <DataItemName>NeededByDate</DataItemName>
            <ControlItemName>DateTimeValue</ControlItemName>
            <FormatString />
            <NullValueString>null</NullValueString>
          </QuickFormPropertyDataBindingDefinition>
        </DataBindings>
        <ControlLabelPlacement>left</ControlLabelPlacement>
        <ExtendedProperties />
        <CaptionAlignment>left</CaptionAlignment>
        <StyleScheme />
        <OnChangeAction>
          <ResourceKey>dtpNeededByDate</ResourceKey>
          <Action typeName="Sage.Platform.QuickForms.ActionItems.NoActionActionItem, Sage.Platform.QuickForms">
            <NoActionActionItem>
              <MethodName />
            </NoActionActionItem>
          </Action>
          <IsDialogCloseAction>False</IsDialogCloseAction>
          <RunOnEveryRePaint>False</RunOnEveryRePaint>
          <DialogActionResult>NoResult</DialogActionResult>
          <PerformsUpdate>False</PerformsUpdate>
          <AppliedSecurity />
          <RefreshData>False</RefreshData>
        </OnChangeAction>
        <Required>false</Required>
        <DateTimeValue xsi:nil="true" />
        <SelectedDateTime>0001-01-01T00:00:00</SelectedDateTime>
        <DateOnly>false</DateOnly>
        <DisplayTime>true</DisplayTime>
        <BoundFieldType>DateTime</BoundFieldType>
        <AutoPostBack>false</AutoPostBack>
        <Timeless>false</Timeless>
      </QFDateTimePicker>
    </Control>
    <Control typeName="Sage.Platform.QuickForms.QFControls.QFListBox, Sage.Platform.QuickForms.QFControls">
      <QFListBox>
        <Column>1</Column>
        <Row>5</Row>
        <HotKey>0</HotKey>
        <TabIndex>0</TabIndex>
        <ControlId>ddlDuration</ControlId>
        <DataBindings>
          <QuickFormPropertyDataBindingDefinition>
            <DataSourceID>MainEntity</DataSourceID>
            <DataItemName>Duration</DataItemName>
            <ControlItemName>SelectedValue</ControlItemName>
            <FormatString />
            <NullValueString />
          </QuickFormPropertyDataBindingDefinition>
        </DataBindings>
        <ControlLabelPlacement>left</ControlLabelPlacement>
        <ExtendedProperties />
        <CaptionAlignment>left</CaptionAlignment>
        <StyleScheme />
        <SelectedIndex>-1</SelectedIndex>
        <Items>
          <Item>
            <Key>txtDuration_item0.Value</Key>
            <Value>.5</Value>
          </Item>
          <Item>
            <Key>txtDuration_item1.Value</Key>
            <Value>1</Value>
          </Item>
          <Item>
            <Key>txtDuration_item2.Value</Key>
            <Value>1.5</Value>
          </Item>
          <Item>
            <Key>txtDuration_item3.Value</Key>
            <Value>2</Value>
          </Item>
          <Item>
            <Key>txtDuration_item4.Value</Key>
            <Value>2.5</Value>
          </Item>
          <Item>
            <Key>txtDuration_item5.Value</Key>
            <Value>3</Value>
          </Item>
          <Item>
            <Key>txtDuration_item6.Value</Key>
            <Value>3.5</Value>
          </Item>
          <Item>
            <Key>txtDuration_item7.Value</Key>
            <Value>4</Value>
          </Item>
          <Item>
            <Key>txtDuration_item8.Value</Key>
            <Value>5</Value>
          </Item>
          <Item>
            <Key>txtDuration_item9.Value</Key>
            <Value>6</Value>
          </Item>
          <Item>
            <Key>txtDuration_item10.Value</Key>
            <Value>7</Value>
          </Item>
          <Item>
            <Key>txtDuration_item11.Value</Key>
            <Value>8</Value>
          </Item>
        </Items>
        <OnChangeAction>
          <ResourceKey>ddlDuration</ResourceKey>
          <Action typeName="Sage.Platform.QuickForms.ActionItems.NoActionActionItem, Sage.Platform.QuickForms">
            <NoActionActionItem>
              <MethodName />
            </NoActionActionItem>
          </Action>
          <IsDialogCloseAction>False</IsDialogCloseAction>
          <RunOnEveryRePaint>False</RunOnEveryRePaint>
          <DialogActionResult>NoResult</DialogActionResult>
          <PerformsUpdate>False</PerformsUpdate>
          <AppliedSecurity />
          <RefreshData>False</RefreshData>
        </OnChangeAction>
        <DataSource />
        <TextField />
        <ValueField />
        <MultiSelect>false</MultiSelect>
      </QFListBox>
    </Control>
    <Control typeName="Sage.SalesLogix.QuickForms.QFControls.QFSLXPickList, Sage.SalesLogix.QuickForms.QFControls">
      <QFSLXPickList>
        <Column>1</Column>
        <Row>6</Row>
        <HotKey>0</HotKey>
        <TabIndex>0</TabIndex>
        <ControlId>pklViaCode</ControlId>
        <DataBindings>
          <QuickFormPropertyDataBindingDefinition>
            <DataSourceID>MainEntity</DataSourceID>
            <DataItemName>ViaCode</DataItemName>
            <ControlItemName>PickListValue</ControlItemName>
            <FormatString />
            <NullValueString>null</NullValueString>
          </QuickFormPropertyDataBindingDefinition>
        </DataBindings>
        <ControlLabelPlacement>left</ControlLabelPlacement>
        <ExtendedProperties />
        <CaptionAlignment>left</CaptionAlignment>
        <StyleScheme />
        <OnChangeAction>
          <ResourceKey>pklViaCode</ResourceKey>
          <Action typeName="Sage.Platform.QuickForms.ActionItems.NoActionActionItem, Sage.Platform.QuickForms">
            <NoActionActionItem>
              <MethodName />
            </NoActionActionItem>
          </Action>
          <IsDialogCloseAction>False</IsDialogCloseAction>
          <RunOnEveryRePaint>False</RunOnEveryRePaint>
          <DialogActionResult>NoResult</DialogActionResult>
          <PerformsUpdate>False</PerformsUpdate>
          <AppliedSecurity />
          <RefreshData>False</RefreshData>
        </OnChangeAction>
        <Required>false</Required>
        <AutoPostBack>false</AutoPostBack>
        <PickListName>Source</PickListName>
        <StorageMode>ID</StorageMode>
        <NameFormatString />
        <AllowMultiples>false</AllowMultiples>
        <AlphaSort>true</AlphaSort>
        <MustExistInList>true</MustExistInList>
        <NoneEditable>true</NoneEditable>
        <PickListId>kSYST0000368</PickListId>
        <ValueStoredAsText>false</ValueStoredAsText>
      </QFSLXPickList>
    </Control>
    <Control typeName="Sage.SalesLogix.QuickForms.QFControls.QFSLXPickList, Sage.SalesLogix.QuickForms.QFControls">
      <QFSLXPickList>
        <Column>2</Column>
        <Row>0</Row>
        <HotKey>0</HotKey>
        <TabIndex>0</TabIndex>
        <ControlId>pklStatusCode</ControlId>
        <DataBindings>
          <QuickFormPropertyDataBindingDefinition>
            <DataSourceID>MainEntity</DataSourceID>
            <DataItemName>StatusCode</DataItemName>
            <ControlItemName>PickListValue</ControlItemName>
            <FormatString />
            <NullValueString>null</NullValueString>
          </QuickFormPropertyDataBindingDefinition>
        </DataBindings>
        <ControlLabelPlacement>left</ControlLabelPlacement>
        <ExtendedProperties />
        <CaptionAlignment>left</CaptionAlignment>
        <StyleScheme />
        <OnChangeAction>
          <ResourceKey>pklStatusCode</ResourceKey>
          <Action typeName="Sage.Platform.QuickForms.ActionItems.ValidationActionItem, Sage.Platform.QuickForms">
            <ValidationActionItem>
              <ValidationMethod>IsTicketStatusClosed</ValidationMethod>
              <OnFail typeName="Sage.Platform.QuickForms.ActionItems.NoActionActionItem, Sage.Platform.QuickForms">
                <NoActionActionItem>
                  <MethodName />
                </NoActionActionItem>
              </OnFail>
              <OnSuccess typeName="Sage.Platform.QuickForms.ActionItems.ValidationActionItem, Sage.Platform.QuickForms">
                <ValidationActionItem>
                  <ValidationMethod>CanCloseTicket</ValidationMethod>
                  <OnFail typeName="Sage.Platform.QuickForms.ActionItems.MessageActionItem, Sage.Platform.QuickForms">
                    <MessageActionItem>
                      <MethodName>pklStatusCode_ChangeActionSFA</MethodName>
                      <ResourceKey>c2f74e4e-f47c-491f-96f3-d1a96c756821</ResourceKey>
                    </MessageActionItem>
                  </OnFail>
                  <OnSuccess typeName="Sage.Platform.QuickForms.ActionItems.ValidationActionItem, Sage.Platform.QuickForms">
                    <ValidationActionItem>
                      <ValidationMethod>IsOpenTicketActivities</ValidationMethod>
                      <OnFail typeName="Sage.Platform.QuickForms.ActionItems.RefreshDataAction, Sage.Platform.QuickForms">
                        <RefreshDataAction>
                          <MethodName>pklStatusCode_ChangeActionSSF</MethodName>
                        </RefreshDataAction>
                      </OnFail>
                      <OnSuccess typeName="Sage.Platform.QuickForms.ActionItems.MessageActionItem, Sage.Platform.QuickForms">
                        <MessageActionItem>
                          <MethodName>pklStatusCode_ChangeActionSSS</MethodName>
                          <ResourceKey>6bb1b981-3938-4a7f-ab85-597eb2f4a587</ResourceKey>
                        </MessageActionItem>
                      </OnSuccess>
                    </ValidationActionItem>
                  </OnSuccess>
                </ValidationActionItem>
              </OnSuccess>
            </ValidationActionItem>
          </Action>
          <IsDialogCloseAction>False</IsDialogCloseAction>
          <RunOnEveryRePaint>False</RunOnEveryRePaint>
          <DialogActionResult>NoResult</DialogActionResult>
          <PerformsUpdate>False</PerformsUpdate>
          <AppliedSecurity />
          <RefreshData>False</RefreshData>
        </OnChangeAction>
        <Required>true</Required>
        <AutoPostBack>true</AutoPostBack>
        <PickListName>Ticket Status</PickListName>
        <StorageMode>ID</StorageMode>
        <NameFormatString />
        <AllowMultiples>false</AllowMultiples>
        <AlphaSort>true</AlphaSort>
        <MustExistInList>true</MustExistInList>
        <NoneEditable>false</NoneEditable>
        <PickListId>kSYST0000375</PickListId>
        <ValueStoredAsText>false</ValueStoredAsText>
      </QFSLXPickList>
    </Control>
    <Control typeName="Sage.SalesLogix.QuickForms.QFControls.QFSLXPickList, Sage.SalesLogix.QuickForms.QFControls">
      <QFSLXPickList>
        <Column>2</Column>
        <Row>1</Row>
        <HotKey>0</HotKey>
        <TabIndex>0</TabIndex>
        <ControlId>pklSubStatus</ControlId>
        <DataBindings>
          <QuickFormPropertyDataBindingDefinition>
            <DataSourceID>MainEntity</DataSourceID>
            <DataItemName>Substatus</DataItemName>
            <ControlItemName>PickListValue</ControlItemName>
            <FormatString />
            <NullValueString />
          </QuickFormPropertyDataBindingDefinition>
        </DataBindings>
        <ControlLabelPlacement>left</ControlLabelPlacement>
        <ExtendedProperties />
        <CaptionAlignment>left</CaptionAlignment>
        <StyleScheme />
        <MaxLength>64</MaxLength>
        <OnChangeAction>
          <ResourceKey>pklSubStatus</ResourceKey>
          <Action typeName="Sage.Platform.QuickForms.ActionItems.NoActionActionItem, Sage.Platform.QuickForms">
            <NoActionActionItem>
              <MethodName />
            </NoActionActionItem>
          </Action>
          <IsDialogCloseAction>False</IsDialogCloseAction>
          <RunOnEveryRePaint>False</RunOnEveryRePaint>
          <DialogActionResult>NoResult</DialogActionResult>
          <PerformsUpdate>False</PerformsUpdate>
          <AppliedSecurity />
          <RefreshData>False</RefreshData>
        </OnChangeAction>
        <Required>false</Required>
        <AutoPostBack>false</AutoPostBack>
        <PickListName>Ticket Substatus</PickListName>
        <StorageMode>Text</StorageMode>
        <NameFormatString />
        <AllowMultiples>false</AllowMultiples>
        <AlphaSort>false</AlphaSort>
        <MustExistInList>false</MustExistInList>
        <NoneEditable>false</NoneEditable>
        <PickListId />
        <ValueStoredAsText>true</ValueStoredAsText>
      </QFSLXPickList>
    </Control>
    <Control typeName="Sage.SalesLogix.QuickForms.QFControls.QFSLXOwner, Sage.SalesLogix.QuickForms.QFControls">
      <QFSLXOwner>
        <Column>2</Column>
        <Row>2</Row>
        <HotKey>0</HotKey>
        <TabIndex>0</TabIndex>
        <ControlId>ownAssignedTo</ControlId>
        <DataBindings>
          <QuickFormPropertyDataBindingDefinition>
            <DataSourceID>MainEntity</DataSourceID>
            <DataItemName>AssignedTo</DataItemName>
            <ControlItemName>LookupResultValue</ControlItemName>
            <FormatString />
            <NullValueString>null</NullValueString>
          </QuickFormPropertyDataBindingDefinition>
        </DataBindings>
        <ControlLabelPlacement>left</ControlLabelPlacement>
        <ExtendedProperties />
        <CaptionAlignment>left</CaptionAlignment>
        <StyleScheme />
        <OnChangeAction>
          <ResourceKey>ownAssignedTo</ResourceKey>
          <Action typeName="Sage.Platform.QuickForms.ActionItems.BusinessRuleActionItem, Sage.Platform.QuickForms">
            <BusinessRuleActionItem>
              <BusinessRule>ValidateAssignToUser</BusinessRule>
              <Object>Ticket</Object>
              <Parameters />
              <PassResultsToNextAction>True</PassResultsToNextAction>
              <OnComplete typeName="Sage.Platform.QuickForms.ActionItems.MessageActionItem, Sage.Platform.QuickForms">
                <MessageActionItem>
                  <MethodName>ownAssignedTo_ChangeActionBRC</MethodName>
                  <ResourceKey>a93c18b6-1f91-44bf-95d9-fd957094d548</ResourceKey>
                </MessageActionItem>
              </OnComplete>
            </BusinessRuleActionItem>
          </Action>
          <IsDialogCloseAction>False</IsDialogCloseAction>
          <RunOnEveryRePaint>False</RunOnEveryRePaint>
          <DialogActionResult>NoResult</DialogActionResult>
          <PerformsUpdate>False</PerformsUpdate>
          <AppliedSecurity />
          <RefreshData>False</RefreshData>
        </OnChangeAction>
        <Required>false</Required>
        <LookupResultValue xsi:type="xsd:string" />
        <AutoPostBack>true</AutoPostBack>
      </QFSLXOwner>
    </Control>
    <Control typeName="Sage.SalesLogix.QuickForms.QFControls.QFSLXEmail, Sage.SalesLogix.QuickForms.QFControls">
      <QFSLXEmail>
        <Column>2</Column>
        <Row>3</Row>
        <IsReadOnly>true</IsReadOnly>
        <HotKey>0</HotKey>
        <TabIndex>0</TabIndex>
        <ControlId>emlAssignToEmail</ControlId>
        <DataBindings>
          <QuickFormPropertyDataBindingDefinition>
            <DataSourceID>MainEntity</DataSourceID>
            <DataItemName>AssignedTo.User.UserInfo.Email</DataItemName>
            <ControlItemName>Text</ControlItemName>
            <FormatString />
            <NullValueString />
          </QuickFormPropertyDataBindingDefinition>
        </DataBindings>
        <ControlLabelPlacement>left</ControlLabelPlacement>
        <ExtendedProperties />
        <CaptionAlignment>left</CaptionAlignment>
        <StyleScheme />
        <Lines>4</Lines>
        <OnChangeAction>
          <ResourceKey>emlAssignToEmail</ResourceKey>
          <Action typeName="Sage.Platform.QuickForms.ActionItems.NoActionActionItem, Sage.Platform.QuickForms">
            <NoActionActionItem>
              <MethodName />
            </NoActionActionItem>
          </Action>
          <IsDialogCloseAction>False</IsDialogCloseAction>
          <RunOnEveryRePaint>False</RunOnEveryRePaint>
          <DialogActionResult>NoResult</DialogActionResult>
          <PerformsUpdate>False</PerformsUpdate>
          <AppliedSecurity />
          <RefreshData>False</RefreshData>
        </OnChangeAction>
        <Required>false</Required>
      </QFSLXEmail>
    </Control>
    <Control typeName="Sage.SalesLogix.QuickForms.QFControls.QFSLXPhone, Sage.SalesLogix.QuickForms.QFControls">
      <QFSLXPhone>
        <Column>2</Column>
        <Row>4</Row>
        <IsReadOnly>true</IsReadOnly>
        <HotKey>0</HotKey>
        <TabIndex>0</TabIndex>
        <ControlId>phnAssignToPhone</ControlId>
        <DataBindings>
          <QuickFormPropertyDataBindingDefinition>
            <DataSourceID>MainEntity</DataSourceID>
            <DataItemName>AssignedTo.User.UserInfo.Phone</DataItemName>
            <ControlItemName>Text</ControlItemName>
            <FormatString />
            <NullValueString />
          </QuickFormPropertyDataBindingDefinition>
        </DataBindings>
        <ControlLabelPlacement>left</ControlLabelPlacement>
        <ExtendedProperties />
        <CaptionAlignment>left</CaptionAlignment>
        <StyleScheme />
        <OnChangeAction>
          <ResourceKey>phnAssignToPhone</ResourceKey>
          <Action typeName="Sage.Platform.QuickForms.ActionItems.NoActionActionItem, Sage.Platform.QuickForms">
            <NoActionActionItem>
              <MethodName />
            </NoActionActionItem>
          </Action>
          <IsDialogCloseAction>False</IsDialogCloseAction>
          <RunOnEveryRePaint>False</RunOnEveryRePaint>
          <DialogActionResult>NoResult</DialogActionResult>
          <PerformsUpdate>False</PerformsUpdate>
          <AppliedSecurity />
          <RefreshData>False</RefreshData>
        </OnChangeAction>
        <Required>false</Required>
      </QFSLXPhone>
    </Control>
    <Control typeName="Sage.Platform.QuickForms.Controls.QFButton, Sage.Platform.QuickForms">
      <QFButton>
        <Column>2</Column>
        <Row>5</Row>
        <HotKey>0</HotKey>
        <TabIndex>0</TabIndex>
        <ControlId>cmdPunchInOut</ControlId>
        <DataBindings />
        <ControlLabelPlacement>none</ControlLabelPlacement>
        <ExtendedProperties />
        <CaptionAlignment>left</CaptionAlignment>
        <StyleScheme>slxbutton</StyleScheme>
        <ButtonType>StandardButton</ButtonType>
        <Image />
        <OnClientClick />
        <OnClickAction>
          <ResourceKey>cmdPunchInOut</ResourceKey>
          <Action typeName="Sage.Platform.QuickForms.ActionItems.CSharpSnippetActionItem, Sage.Platform.QuickForms">
            <CSharpSnippetActionItem>
              <MethodName>cmdPunchInOut_ClickAction</MethodName>
              <CSharpCodeSnippet>
                Sage.Entity.Interfaces.ITicket ticket = this.BindingSource.Current as Sage.Entity.Interfaces.ITicket;
                Sage.Entity.Interfaces.ITicketActivity ticketActivity = Sage.Platform.Orm.DynamicMethodLibraryHelper.Instance.Execute("Ticket.GetOpenTimedTicketActivity", ticket) as Sage.Entity.Interfaces.ITicketActivity;
                if (ticketActivity != null)
                {
                if (Convert.ToBoolean(Sage.Platform.Orm.DynamicMethodLibraryHelper.Instance.Execute("Ticket.IsDisplayActivityOnPunchOut", ticket)))
                {
                ticket.CompletedDate = DateTime.UtcNow;
                Sage.Entity.Interfaces.IUser UserContext = Sage.SalesLogix.BusinessRules.BusinessRuleHelper.GetCurrentUser();
                ticket.CompletedBy = UserContext.DefaultOwner;
				Response.Redirect(string.Format("TicketActivity.aspx?entityId={0}&amp;isPunchOut=true", (ticketActivity as Sage.Platform.ComponentModel.IComponentReference).Id));
                }
                else
                {
                Sage.Platform.Orm.DynamicMethodLibraryHelper.Instance.Execute("Ticket.PunchInOut", ticket);
                cmdPunchInOut.Text = GetLocalResourceObject("PunchIn_DisplayName").ToString();
                }
                }
                else
                {
                Sage.Platform.Orm.DynamicMethodLibraryHelper.Instance.Execute("Ticket.PunchInOut", ticket);
                cmdPunchInOut.Text = GetLocalResourceObject("PunchOut_DisplayName").ToString();
                }
                Sage.Platform.WebPortal.Services.IPanelRefreshService refresh = PageWorkItem.Services.Get&lt;Sage.Platform.WebPortal.Services.IPanelRefreshService&gt;();
                refresh.RefreshTabWorkspace();
              </CSharpCodeSnippet>
            </CSharpSnippetActionItem>
          </Action>
          <IsDialogCloseAction>False</IsDialogCloseAction>
          <RunOnEveryRePaint>False</RunOnEveryRePaint>
          <DialogActionResult>NoResult</DialogActionResult>
          <PerformsUpdate>False</PerformsUpdate>
          <AppliedSecurity />
          <RefreshData>False</RefreshData>
        </OnClickAction>
      </QFButton>
    </Control>
  </Controls>
  <ToolControls>
    <Control typeName="Sage.Platform.QuickForms.Controls.QFElementSpacer, Sage.Platform.QuickForms">
      <QFElementSpacer>
        <Column>0</Column>
        <Row>0</Row>
        <HotKey>0</HotKey>
        <TabIndex>0</TabIndex>
        <ControlId />
        <DataBindings />
        <ControlLabelPlacement>left</ControlLabelPlacement>
        <ExtendedProperties />
        <CaptionAlignment>left</CaptionAlignment>
        <StyleScheme />
      </QFElementSpacer>
    </Control>
    <Control typeName="Sage.Platform.QuickForms.Controls.QFElementSpacer, Sage.Platform.QuickForms">
      <QFElementSpacer>
        <Column>0</Column>
        <Row>0</Row>
        <HotKey>0</HotKey>
        <TabIndex>0</TabIndex>
        <ControlId />
        <DataBindings />
        <ControlLabelPlacement>left</ControlLabelPlacement>
        <ExtendedProperties />
        <CaptionAlignment>left</CaptionAlignment>
        <StyleScheme />
      </QFElementSpacer>
    </Control>
    <Control typeName="Sage.SalesLogix.QuickForms.QFControls.QFSLXGroupNavigator, Sage.SalesLogix.QuickForms.QFControls">
      <QFSLXGroupNavigator>
        <Column>0</Column>
        <Row>0</Row>
        <HotKey>48</HotKey>
        <TabIndex>0</TabIndex>
        <ControlId>grnTicketDetails</ControlId>
        <DataBindings />
        <ControlLabelPlacement>none</ControlLabelPlacement>
        <ExtendedProperties />
        <CaptionAlignment>left</CaptionAlignment>
        <StyleScheme />
      </QFSLXGroupNavigator>
    </Control>
    <Control typeName="Sage.Platform.QuickForms.Controls.QFButton, Sage.Platform.QuickForms">
      <QFButton>
        <Column>0</Column>
        <Row>0</Row>
        <HotKey>0</HotKey>
        <TabIndex>0</TabIndex>
        <ControlId>cmdSave</ControlId>
        <DataBindings />
        <ControlLabelPlacement>none</ControlLabelPlacement>
        <ExtendedProperties />
        <CaptionAlignment>left</CaptionAlignment>
        <StyleScheme />
        <ButtonType>Icon</ButtonType>
        <Image>[Localization!Global_Images:Save_16x16]</Image>
        <OnClientClick />
        <OnClickAction>
          <ResourceKey>cmdSave</ResourceKey>
          <Action typeName="Sage.Platform.QuickForms.ActionItems.BusinessRuleActionItem, Sage.Platform.QuickForms">
            <BusinessRuleActionItem>
              <BusinessRule>Save</BusinessRule>
              <Object>Ticket</Object>
              <Parameters />
              <PassResultsToNextAction>False</PassResultsToNextAction>
              <OnComplete typeName="Sage.Platform.QuickForms.ActionItems.RefreshDataAction, Sage.Platform.QuickForms">
                <RefreshDataAction>
                  <MethodName>cmdSave_ClickActionBRC</MethodName>
                </RefreshDataAction>
              </OnComplete>
            </BusinessRuleActionItem>
          </Action>
          <IsDialogCloseAction>False</IsDialogCloseAction>
          <RunOnEveryRePaint>False</RunOnEveryRePaint>
          <DialogActionResult>NoResult</DialogActionResult>
          <PerformsUpdate>True</PerformsUpdate>
          <AppliedSecurity />
          <RefreshData>False</RefreshData>
        </OnClickAction>
      </QFButton>
    </Control>
    <Control typeName="Sage.Platform.QuickForms.Controls.QFButton, Sage.Platform.QuickForms">
      <QFButton>
        <Column>0</Column>
        <Row>0</Row>
        <HotKey>0</HotKey>
        <TabIndex>0</TabIndex>
        <ControlId>cmdReset</ControlId>
        <DataBindings />
        <ControlLabelPlacement>none</ControlLabelPlacement>
        <ExtendedProperties />
        <CaptionAlignment>left</CaptionAlignment>
        <StyleScheme />
        <ButtonType>Icon</ButtonType>
        <Image>[Localization!Global_Images:Reset_16x16]</Image>
        <OnClientClick />
        <OnClickAction>
          <ResourceKey>cmdReset</ResourceKey>
          <Action typeName="Sage.Platform.QuickForms.ActionItems.ResetEntityActionItem, Sage.Platform.QuickForms">
            <ResetEntityActionItem>
              <MethodName>cmdReset_ClickAction</MethodName>
            </ResetEntityActionItem>
          </Action>
          <IsDialogCloseAction>False</IsDialogCloseAction>
          <RunOnEveryRePaint>False</RunOnEveryRePaint>
          <DialogActionResult>NoResult</DialogActionResult>
          <PerformsUpdate>False</PerformsUpdate>
          <AppliedSecurity />
          <RefreshData>False</RefreshData>
        </OnClickAction>
      </QFButton>
    </Control>
    <Control typeName="Sage.Platform.QuickForms.Controls.QFButton, Sage.Platform.QuickForms">
      <QFButton>
        <Column>0</Column>
        <Row>0</Row>
        <HotKey>0</HotKey>
        <TabIndex>0</TabIndex>
        <ControlId>cmdEmail</ControlId>
        <DataBindings />
        <ControlLabelPlacement>none</ControlLabelPlacement>
        <ExtendedProperties />
        <CaptionAlignment>left</CaptionAlignment>
        <StyleScheme />
        <ButtonType>Icon</ButtonType>
        <Image>[Localization!Global_Images:Send_Write_email_16x16]</Image>
        <OnClientClick />
        <OnClickAction>
          <ResourceKey>cmdEmail</ResourceKey>
          <Action typeName="Sage.Platform.QuickForms.ActionItems.DialogActionItem, Sage.Platform.QuickForms">
            <DialogActionItem>
              <SmartPart>SendTicketEmail</SmartPart>
              <Height>385</Height>
              <Width>425</Width>
              <Top>200</Top>
              <Left>200</Left>
              <EntityType>Ticket</EntityType>
              <ResourceKey>f0832ead-2830-4f6b-a087-98989daa8a9b</ResourceKey>
              <CenterDialog>True</CenterDialog>
            </DialogActionItem>
          </Action>
          <IsDialogCloseAction>False</IsDialogCloseAction>
          <RunOnEveryRePaint>False</RunOnEveryRePaint>
          <DialogActionResult>NoResult</DialogActionResult>
          <PerformsUpdate>False</PerformsUpdate>
          <AppliedSecurity />
          <RefreshData>False</RefreshData>
        </OnClickAction>
      </QFButton>
    </Control>
    <Control typeName="Sage.Platform.QuickForms.Controls.QFButton, Sage.Platform.QuickForms">
      <QFButton>
        <Column>0</Column>
        <Row>0</Row>
        <HotKey>0</HotKey>
        <TabIndex>0</TabIndex>
        <ControlId>cmdAccountService</ControlId>
        <DataBindings />
        <ControlLabelPlacement>none</ControlLabelPlacement>
        <ExtendedProperties />
        <CaptionAlignment>left</CaptionAlignment>
        <StyleScheme />
        <ButtonType>Icon</ButtonType>
        <Image>[Localization!Global_Images:Account_Service_Information_16x16]</Image>
        <OnClientClick />
        <OnClickAction>
          <ResourceKey>cmdAccountService</ResourceKey>
          <Action typeName="Sage.Platform.QuickForms.ActionItems.DialogActionItem, Sage.Platform.QuickForms">
            <DialogActionItem>
              <SmartPart>AccountServiceInfo</SmartPart>
              <Height>825</Height>
              <Width>900</Width>
              <Top>200</Top>
              <Left>200</Left>
              <EntityType>Ticket</EntityType>
              <ResourceKey>64303243-652d-4e4b-9f86-48e0b1f257a7</ResourceKey>
              <CenterDialog>True</CenterDialog>
            </DialogActionItem>
          </Action>
          <IsDialogCloseAction>False</IsDialogCloseAction>
          <RunOnEveryRePaint>False</RunOnEveryRePaint>
          <DialogActionResult>NoResult</DialogActionResult>
          <PerformsUpdate>False</PerformsUpdate>
          <AppliedSecurity />
          <RefreshData>False</RefreshData>
        </OnClickAction>
      </QFButton>
    </Control>
    <Control typeName="Sage.Platform.QuickForms.QFControls.QFLink, Sage.Platform.QuickForms.QFControls">
      <QFLink>
        <Column>0</Column>
        <Row>0</Row>
        <HotKey>0</HotKey>
        <TabIndex>0</TabIndex>
        <ControlId>lnkPrintViewLink</ControlId>
        <DataBindings>
          <QuickFormPropertyDataBindingDefinition>
            <DataSourceID>MainEntity</DataSourceID>
            <DataItemName>Id</DataItemName>
            <ControlItemName>EntityId</ControlItemName>
            <FormatString />
            <NullValueString />
          </QuickFormPropertyDataBindingDefinition>
        </DataBindings>
        <ControlLabelPlacement>none</ControlLabelPlacement>
        <ExtendedProperties />
        <CaptionAlignment>left</CaptionAlignment>
        <StyleScheme />
        <Destination />
        <Image>[Localization!Global_Images:Print_View_16x16]</Image>
        <EntityId />
        <EntityTypeName />
        <PageName>TicketDetailPrintView</PageName>
        <Target />
        <AppliedSecurity />
        <DisplayMode>Normal</DisplayMode>
      </QFLink>
    </Control>
    <Control typeName="Sage.Platform.QuickForms.Controls.QFButton, Sage.Platform.QuickForms">
      <QFButton>
        <Column>0</Column>
        <Row>0</Row>
        <HotKey>0</HotKey>
        <TabIndex>0</TabIndex>
        <ControlId>cmdDelete</ControlId>
        <DataBindings />
        <ControlLabelPlacement>none</ControlLabelPlacement>
        <ExtendedProperties />
        <CaptionAlignment>left</CaptionAlignment>
        <StyleScheme />
        <ButtonType>Icon</ButtonType>
        <Image>[Localization!Global_Images:Delete_16x16]</Image>
        <OnClientClick />
        <OnClickAction>
          <ResourceKey>cmdDelete</ResourceKey>
          <Action typeName="Sage.Platform.QuickForms.ActionItems.BusinessRuleActionItem, Sage.Platform.QuickForms">
            <BusinessRuleActionItem>
              <BusinessRule>Delete</BusinessRule>
              <Object>Ticket</Object>
              <Parameters />
              <PassResultsToNextAction>False</PassResultsToNextAction>
              <OnComplete typeName="Sage.Platform.QuickForms.ActionItems.RedirectActionItem, Sage.Platform.QuickForms">
                <RedirectActionItem>
                  <MethodName>cmdDelete_ClickActionBRC</MethodName>
                  <RawURL />
                  <MainViewEntityName>Ticket</MainViewEntityName>
                  <UseCurrentIdInLink>true</UseCurrentIdInLink>
                  <EntityViewMode>List</EntityViewMode>
                </RedirectActionItem>
              </OnComplete>
            </BusinessRuleActionItem>
          </Action>
          <IsDialogCloseAction>False</IsDialogCloseAction>
          <RunOnEveryRePaint>False</RunOnEveryRePaint>
          <DialogActionResult>NoResult</DialogActionResult>
          <PerformsUpdate>False</PerformsUpdate>
          <AppliedSecurity />
          <RefreshData>False</RefreshData>
        </OnClickAction>
      </QFButton>
    </Control>
  </ToolControls>
  <Columns>
    <ColumnStyle>
      <SizeType>Percent</SizeType>
      <Width>33.3333321</Width>
    </ColumnStyle>
    <ColumnStyle>
      <SizeType>Percent</SizeType>
      <Width>33.3333321</Width>
    </ColumnStyle>
    <ColumnStyle>
      <SizeType>Percent</SizeType>
      <Width>33.3333321</Width>
    </ColumnStyle>
  </Columns>
  <Rows>
    <RowStyle>
      <SizeType>Absolute</SizeType>
      <Height>35</Height>
    </RowStyle>
    <RowStyle>
      <SizeType>Absolute</SizeType>
      <Height>35</Height>
    </RowStyle>
    <RowStyle>
      <SizeType>Absolute</SizeType>
      <Height>35</Height>
    </RowStyle>
    <RowStyle>
      <SizeType>Absolute</SizeType>
      <Height>35</Height>
    </RowStyle>
    <RowStyle>
      <SizeType>Absolute</SizeType>
      <Height>35</Height>
    </RowStyle>
    <RowStyle>
      <SizeType>Absolute</SizeType>
      <Height>35</Height>
    </RowStyle>
    <RowStyle>
      <SizeType>Absolute</SizeType>
      <Height>35</Height>
    </RowStyle>
  </Rows>
  <Description />
  <UseEntityNameAsTitle>false</UseEntityNameAsTitle>
  <EntityTypeName>ITicket</EntityTypeName>
  <DefaultNamespace>Sage.Entity.Interfaces</DefaultNamespace>
  <AssemblyName>Sage.Entity.Interfaces</AssemblyName>
</QuickForm>