<?xml version="1.0"?>
<method xmlns:xsi="http://www.w3.org/2001/XMLSchema-instance" xmlns:xsd="http://www.w3.org/2001/XMLSchema" id="544b9e46-8363-4164-8470-999840fa83a0" lastModifiedUtc="2013-09-28T17:10:24.0124591Z" name="OnBeforeInsert" methodType="CrudEvent" actionType="None" returnMode="None">
  <extendedMetaData />
  <ExtendedPropertiesCollection>
    <extendee type="Sage.Platform.Orm.Entities.OrmEntityMethod" />
  </ExtendedPropertiesCollection>
  <parameter />
  <preExecuteTargets>
    <methodTarget id="87fd582c-75ba-42fe-900d-f60a3367499b" lastModifiedUtc="2013-09-28T17:16:44.1431303Z" targetType="AlexFMS.BusinessRules.TicketActivityRules, AlexFMS.BusinessRules" targetMethod="OnBeforeInsert" active="true">
      <ExtendedPropertiesCollection>
        <extendee type="Sage.Platform.Orm.Entities.OrmMethodTarget" />
      </ExtendedPropertiesCollection>
    </methodTarget>
  </preExecuteTargets>
  <methodTargets>
    <methodTarget id="c32b7cfd-bf50-4233-9c60-5fc110168a64" lastModifiedUtc="0001-01-01T00:00:00" targetType="Sage.SalesLogix.TicketActivity.Rules, Sage.SalesLogix.BusinessRules" targetMethod="OnBeforeInsert" active="true">
      <ExtendedPropertiesCollection>
        <extendee type="Sage.Platform.Orm.Entities.OrmMethodTarget" />
      </ExtendedPropertiesCollection>
    </methodTarget>
  </methodTargets>
  <postExecuteTargets />
  <postFlushTargets />
</method>